species,link to sample sheet,status,to do,notes,path to final output,paper,cov_params
Anas platyrhynchos,[sample sheet](https://github.com/sjswuitchik/compPopGen_ms/blob/master/SRA/cleaned-metadata/Anas_platyrhynchos_sample_metadata.csv),**done**,nothing right now,-,`/n/holylfs05/LABS/informatics/Everyone/comppopgen_pipeline/Anas_platyrhynchos`,[PMC](https://www.ncbi.nlm.nih.gov/pmc/articles/PMC6050300/),low coverage (coverage range 7.5x-18x)
Anolis allisoni,[sample sheet](https://github.com/sjswuitchik/compPopGen_ms/blob/master/SRA/cleaned-metadata/Anolis_allisoni_sample_metadata.csv),**done**,nothing right now,both species one run,`/n/holylfs05/LABS/informatics/Everyone/comppopgen_pipeline/Anolis_spp`,[PMC}(https://www.ncbi.nlm.nih.gov/pmc/articles/PMC6681179/),low coverage (11-12x but use low coverage for consistency with other Anolis)
Anolis porcatus,[sample sheet](https://github.com/sjswuitchik/compPopGen_ms/blob/master/SRA/cleaned-metadata/Anolis_porcatus_sample_metadata.csv),**done**,nothing right now,both species one run,`/n/holylfs05/LABS/informatics/Everyone/comppopgen_pipeline/Anolis_spp`,[PMC}(https://www.ncbi.nlm.nih.gov/pmc/articles/PMC6681179/),low coverage (11-12x but use low coverage for consistency with other Anolis)
Astyanax aeneus,[sample sheet](https://github.com/sjswuitchik/compPopGen_ms/blob/master/SRA/cleaned-metadata/Astyanax_aeneus_sample_metadata.csv),**done**,nothing right now,-,`/n/holylfs05/LABS/informatics/Everyone/comppopgen_pipeline/Astyanax_aeneus`,[paper](https://onlinelibrary.wiley.com/doi/abs/10.1111/mec.14877),low coverage (average 10x coverage)
Athene cunicularia,[sample sheet](https://github.com/sjswuitchik/compPopGen_ms/blob/master/SRA/cleaned-metadata/Athene_cunicularia_sample_metadata.csv),**done**,nothing right now,changed ref dir to Genbank accession (GCA_003259725.1) for consistency with old run,`/n/holylfs05/LABS/informatics/Everyone/comppopgen_pipeline/Athene_cunicularia`,[doi](https://doi.org/10.1098/rspb.2018.0206),"high coverage (median 17x, range 8.5x-42x)"
Chaenogobius annularis,[sample sheet](https://github.com/sjswuitchik/compPopGen_ms/blob/master/SRA/cleaned-metadata/Chaenogobius_annularis_sample_metadata.csv),**done**,nothing right now,-,`/n/holylfs05/LABS/informatics/Everyone/comppopgen_pipeline/Chaenogobius_annularis,[PMC](https://www.ncbi.nlm.nih.gov/pmc/articles/PMC7898790/),low coverage (mean coverage 6x-8x)
Coilia nasus,[sample sheet](https://github.com/sjswuitchik/compPopGen_ms/blob/master/SRA/cleaned-metadata/Coilia_nasus_sample_metadata.csv),**done**,nothing right now,-,`/n/holylfs05/LABS/informatics/Everyone/comppopgen_pipeline/Coilia_nasus`,[PMC](https://www.ncbi.nlm.nih.gov/pmc/articles/PMC6939831/),low coverage (average 10x coverage)
Dicentrarchus labrax,[sample sheet](https://github.com/sjswuitchik/compPopGen_ms/blob/master/SRA/cleaned-metadata/Dicentrarchus_labrax_sample_metadata.csv),**done**,nothing right now,all of genus in one run,`/n/holylfs05/LABS/informatics/Everyone/comppopgen_pipeline/Dicentrarchus_spp`,"[PMC1](https://www.ncbi.nlm.nih.gov/pmc/articles/PMC6023918/),[PMC2](https://www.ncbi.nlm.nih.gov/pmc/articles/PMC7293100/)",high coverage (all samples >10x coverage)
Dicentrarchus punctatus,[sample sheet](https://github.com/sjswuitchik/compPopGen_ms/blob/master/SRA/cleaned-metadata/Dicentrarchus_punctatus_sample_metadata.csv),**done**,nothing right now,all of genus in one run,`/n/holylfs05/LABS/informatics/Everyone/comppopgen_pipeline/Dicentrarchus_spp`,"[PMC1](https://www.ncbi.nlm.nih.gov/pmc/articles/PMC6023918/),[PMC2](https://www.ncbi.nlm.nih.gov/pmc/articles/PMC7293100/)",high coverage (all samples >10x coverage)
Egretta garzetta,[sample sheet](https://github.com/sjswuitchik/compPopGen_ms/blob/master/SRA/cleaned-metadata/Egretta_garzetta_sample_metadata.csv),**done**,nothing right now,-,`/n/holylfs05/LABS/informatics/Everyone/comppopgen_pipeline/Egretta_garzetta/`,[paper](https://genomebiology.biomedcentral.com/articles/10.1186/s13059-014-0557-1),high coverage (coverage approx 20x)
Falco peregrinus,[sample sheet](https://github.com/sjswuitchik/compPopGen_ms/blob/master/SRA/cleaned-metadata/Falco_peregrinus_sample_metadata.csv),**done**,nothing right now,-,`/n/holylfs05/LABS/informatics/Everyone/comppopgen_pipeline/Falco_peregrinus`,[paper](https://www.nature.com/articles/s41586-021-03265-0),high coverage (~55x per individual)
Haplochromis burtoni,[sample sheet](https://github.com/sjswuitchik/compPopGen_ms/blob/master/SRA/cleaned-metadata/Haplochromis_burtoni_sample_metadata.csv),**done**,nothing right now,-,`/n/holylfs05/LABS/informatics/Everyone/comppopgen_pipeline/Haplochromis_burtoni`,[doi](https://doi.org/10.1101/2021.01.12.426414),high coverage (9.8-24x per paper)
Symphodus melops,[sample sheet](https://github.com/sjswuitchik/compPopGen_ms/blob/master/SRA/cleaned-metadata/Symphodus_melops_sample_metadata.csv),**done**,nothing right now,-,`/n/holylfs05/LABS/informatics/Everyone/comppopgen_pipeline/Symphodus_melops/`,[Mol Ecol](https://onlinelibrary.wiley.com/doi/full/10.1111/mec.15310),low coverage (9x average coverage)
Thunnus albacares,[sample sheet](https://github.com/sjswuitchik/compPopGen_ms/blob/master/SRA/cleaned-metadata/Thunnus_albacares_sample_metadata.csv),**done**,nothing right now,-,`/n/holylfs05/LABS/informatics/Everyone/comppopgen_pipeline/Thunnus_albacares/`,[PMC](https://www.ncbi.nlm.nih.gov/pmc/articles/PMC5408087/),low coverage (median coverage 7.8x)
Anolis carolinensis,[sample sheet](https://github.com/sjswuitchik/compPopGen_ms/blob/master/SRA/cleaned-metadata/Anolis_carolinensis_sample_metadata.csv),**final vcf produced**,pull lastest repo and rerun for QC and other updates; check coverage params,-,`/n/holylfs05/LABS/informatics/Everyone/comppopgen_pipeline/Anolis_carolinensis`,[PMC}(https://www.ncbi.nlm.nih.gov/pmc/articles/PMC6681179/),low coverage (11-12x but use low coverage for consistency with other Anolis)
Astyanax mexicanus,[sample sheet](https://github.com/sjswuitchik/compPopGen_ms/blob/master/SRA/cleaned-metadata/Astyanax_mexicanus_sample_metadata.csv),**final vcf produced**,pull lastest repo and rerun for QC and other updates,-,`/n/holylfs05/LABS/informatics/Everyone/comppopgen_pipeline/Astyanax_mexicanus`,ADD,ADD
Corvus cornix cornix,[sample sheet](https://github.com/sjswuitchik/compPopGen_ms/blob/master/SRA/cleaned-metadata/Corvus_cornix_cornix_sample_metadata.csv),**final vcf produced**,pull lastest repo and rerun for QC and other updates,-,`/n/holylfs05/LABS/informatics/Everyone/comppopgen_pipeline/Corvus_cornix_cornix`,ADD,ADD
Cyprinus carpio,[sample sheet](https://github.com/sjswuitchik/compPopGen_ms/blob/master/SRA/cleaned-metadata/Cyprinus_carpio_sample_metadata.csv),**final vcf produced**,pull lastest repo and rerun for QC and other updates,-,`/n/holylfs05/LABS/informatics/Everyone/comppopgen_pipeline/Cyprinus_carpio`,ADD,ADD
Anguilla anguilla,[sample sheet](https://github.com/sjswuitchik/compPopGen_ms/blob/master/SRA/cleaned-metadata/Anguilla_anguilla_sample_metadata.csv),**running (Tim)**,wait,all of genus in one run,-,[PMC](https://www.ncbi.nlm.nih.gov/pmc/articles/PMC7848574/),"low coverage (""low coverage approach"" in methods)"
Anguilla rostrata,[sample sheet](https://github.com/sjswuitchik/compPopGen_ms/blob/master/SRA/cleaned-metadata/Anguilla_rostrata_sample_metadata.csv),**running (Tim)**,wait,all of genus in one run,-,[PMC](https://www.ncbi.nlm.nih.gov/pmc/articles/PMC7848574/),"low coverage (""low coverage approach"" in methods)"
Astatotilapia calliptera,[sample sheet](https://github.com/sjswuitchik/compPopGen_ms/blob/master/SRA/cleaned-metadata/Astatotilapia_calliptera_sample_metadata.csv),**running (Tim)**,wait,all of genus in one run,-,[PMC](https://www.ncbi.nlm.nih.gov/pmc/articles/PMC6443041/); [PMC](https://www.ncbi.nlm.nih.gov/pmc/articles/PMC4700518/),low coverage (mix of 6x and 15x samples)
Astatotilapia spp,[sample sheet](https://github.com/sjswuitchik/compPopGen_ms/blob/master/SRA/cleaned-metadata/Astatotilapia_spp_sample_metadata.csv),**running (Tim)**,wait,all of genus in one run,-,[PMC](https://www.ncbi.nlm.nih.gov/pmc/articles/PMC6443041/); [PMC](https://www.ncbi.nlm.nih.gov/pmc/articles/PMC4700518/),low coverage (mix of 6x and 15x samples)
Astatotilapia stappersii,[sample sheet](https://github.com/sjswuitchik/compPopGen_ms/blob/master/SRA/cleaned-metadata/Astatotilapia_stappersii_sample_metadata.csv),**running (Tim)**,wait,all of genus in one run; changed to use GCF_900246225.1 like others in genus,-,[PMC](https://www.ncbi.nlm.nih.gov/pmc/articles/PMC6443041/); [PMC](https://www.ncbi.nlm.nih.gov/pmc/articles/PMC4700518/),low coverage (mix of 6x and 15x samples)
Clupea harengus,[sample sheet](https://github.com/sjswuitchik/compPopGen_ms/blob/master/SRA/cleaned-metadata/Clupea_harengus_sample_metadata.csv),**running (Tim)**,wait,-,-,"[PMC](https://www.ncbi.nlm.nih.gov/pmc/articles/PMC7738190/), [PMC](https://www.ncbi.nlm.nih.gov/pmc/articles/PMC5410801/), [PMC](https://www.ncbi.nlm.nih.gov/pmc/articles/PMC5524536/)","low coverage (most samples around 10x, a few much higher)"
Clupea pallasii,[sample sheet](https://github.com/sjswuitchik/compPopGen_ms/blob/master/SRA/cleaned-metadata/Clupea_pallasii_sample_metadata.csv),**running (Tim)**,wait,-,-,[PMC](https://www.ncbi.nlm.nih.gov/pmc/articles/PMC5410801/),"low coverage (""~10x coverage"")"
Coryphaenoides rupestris,[sample sheet](https://github.com/sjswuitchik/compPopGen_ms/blob/master/SRA/cleaned-metadata/Coryphaenoides_rupestris_sample_metadata.csv),**running (Tim)**,wait,-,-,[paper](https://www.nature.com/articles/s41559-018-0482-x),low coverage (6x)
Coturnix japonica,[sample sheet](https://github.com/sjswuitchik/compPopGen_ms/blob/master/SRA/cleaned-metadata/Coturnix_japonica_sample_metadata.csv),**running (Tim)**,wait,-,-,[PMC](https://www.ncbi.nlm.nih.gov/pmc/articles/PMC5961004/),high coverage (min 15x coverage of wild samples)
Nipponia nippon,[sample sheet](https://github.com/sjswuitchik/compPopGen_ms/blob/master/SRA/cleaned-metadata/Nipponia_nippon_sample_metadata.csv),**running (Tim)**,wait,-,-,[PMC](https://www.ncbi.nlm.nih.gov/pmc/articles/PMC4290368/),high coverage (coverage approx 20x)
Amphilophus amarillo,[sample sheet](https://github.com/sjswuitchik/compPopGen_ms/blob/master/SRA/cleaned-metadata/Amphilophus_amarillo_sample_metadata.csv),**transferring**,wait,all of genus in one run; removed ERR4190043/SAMEA6816032 as source is empty on SRA,-,[PMC](https://www.ncbi.nlm.nih.gov/pmc/articles/PMC7759464/),high coverage (average coverage 25.6x)
Amphilophus astorquii,[sample sheet](https://github.com/sjswuitchik/compPopGen_ms/blob/master/SRA/cleaned-metadata/Amphilophus_astorquii_sample_metadata.csv),**transferring**,wait,all of genus in one run,-,[PMC](https://www.ncbi.nlm.nih.gov/pmc/articles/PMC7759464/),high coverage (average coverage 25.6x)
Amphilophus chancho,[sample sheet](https://github.com/sjswuitchik/compPopGen_ms/blob/master/SRA/cleaned-metadata/Amphilophus_chancho_sample_metadata.csv),**transferring**,wait,all of genus in one run,-,[PMC](https://www.ncbi.nlm.nih.gov/pmc/articles/PMC7759464/),high coverage (average coverage 25.6x)
Amphilophus citrinellus,[sample sheet](https://github.com/sjswuitchik/compPopGen_ms/blob/master/SRA/cleaned-metadata/Amphilophus_citrinellus_sample_metadata.csv),**transferring**,wait,all of genus in one run,-,[PMC](https://www.ncbi.nlm.nih.gov/pmc/articles/PMC7759464/),high coverage (average coverage 25.6x)
Amphilophus flaveolus,[sample sheet](https://github.com/sjswuitchik/compPopGen_ms/blob/master/SRA/cleaned-metadata/Amphilophus_flaveolus_sample_metadata.csv),**transferring**,wait,all of genus in one run,-,[PMC](https://www.ncbi.nlm.nih.gov/pmc/articles/PMC7759464/),high coverage (average coverage 25.6x)
Amphilophus globosus,[sample sheet](https://github.com/sjswuitchik/compPopGen_ms/blob/master/SRA/cleaned-metadata/Amphilophus_globosus_sample_metadata.csv),**transferring**,wait,all of genus in one run,-,[PMC](https://www.ncbi.nlm.nih.gov/pmc/articles/PMC7759464/),high coverage (average coverage 25.6x)
Amphilophus labiatus,[sample sheet](https://github.com/sjswuitchik/compPopGen_ms/blob/master/SRA/cleaned-metadata/Amphilophus_labiatus_sample_metadata.csv),**transferring**,wait,all of genus in one run,-,[PMC](https://www.ncbi.nlm.nih.gov/pmc/articles/PMC7759464/),high coverage (average coverage 25.6x)
Amphilophus sagittae,[sample sheet](https://github.com/sjswuitchik/compPopGen_ms/blob/master/SRA/cleaned-metadata/Amphilophus_sagittae_sample_metadata.csv),**transferring**,wait,all of genus in one run,-,[PMC](https://www.ncbi.nlm.nih.gov/pmc/articles/PMC7759464/),high coverage (average coverage 25.6x)
Amphilophus spp,[sample sheet](https://github.com/sjswuitchik/compPopGen_ms/blob/master/SRA/cleaned-metadata/Amphilophus_spp_sample_metadata.csv),**transferring**,wait,all of genus in one run,-,[PMC](https://www.ncbi.nlm.nih.gov/pmc/articles/PMC7759464/),high coverage (average coverage 25.6x)
Amphilophus supercilius,[sample sheet](https://github.com/sjswuitchik/compPopGen_ms/blob/master/SRA/cleaned-metadata/Amphilophus_supercilius_sample_metadata.csv),**transferring**,wait,all of genus in one run,-,[PMC](https://www.ncbi.nlm.nih.gov/pmc/articles/PMC7759464/),high coverage (average coverage 25.6x)
Amphilophus tolteca,[sample sheet](https://github.com/sjswuitchik/compPopGen_ms/blob/master/SRA/cleaned-metadata/Amphilophus_tolteca_sample_metadata.csv),**transferring**,wait,all of genus in one run,-,[PMC](https://www.ncbi.nlm.nih.gov/pmc/articles/PMC7759464/),high coverage (average coverage 25.6x)
Amphilophus viridis,[sample sheet](https://github.com/sjswuitchik/compPopGen_ms/blob/master/SRA/cleaned-metadata/Amphilophus_viridis_sample_metadata.csv),**transferring**,wait,all of genus in one run,-,[PMC](https://www.ncbi.nlm.nih.gov/pmc/articles/PMC7759464/),high coverage (average coverage 25.6x)
Amphilophus xiloaensis,[sample sheet](https://github.com/sjswuitchik/compPopGen_ms/blob/master/SRA/cleaned-metadata/Amphilophus_xiloaensis_sample_metadata.csv),**transferring**,wait,all of genus in one run,-,[PMC](https://www.ncbi.nlm.nih.gov/pmc/articles/PMC7759464/),high coverage (average coverage 25.6x)
Amphilophus zaliosus,[sample sheet](https://github.com/sjswuitchik/compPopGen_ms/blob/master/SRA/cleaned-metadata/Amphilophus_zaliosus_sample_metadata.csv),**transferring**,wait,all of genus in one run,-,[PMC](https://www.ncbi.nlm.nih.gov/pmc/articles/PMC7759464/),high coverage (average coverage 25.6x)
Eopsaltria australis,[sample sheet](https://github.com/sjswuitchik/compPopGen_ms/blob/master/SRA/cleaned-metadata/Eopsaltria_australis_sample_metadata.csv),**transferring**,wait,-,-,[PMC](https://www.ncbi.nlm.nih.gov/pmc/articles/PMC6736294/),"low coverage (""~10x coverage"")"
Ficedula albicollis,[sample sheet](https://github.com/sjswuitchik/compPopGen_ms/blob/master/SRA/cleaned-metadata/Ficedula_albicollis_sample_metadata.csv),**transferring**,wait,-,-,ADD,ADD
Coloeus monedula,[sample sheet](https://github.com/sjswuitchik/compPopGen_ms/blob/master/SRA/cleaned-metadata/Coloeus_monedula_sample_metadata.csv),status,to do,notes,path,ADD,ADD
Corvus brachyrhynchos,[sample sheet](https://github.com/sjswuitchik/compPopGen_ms/blob/master/SRA/cleaned-metadata/Corvus_brachyrhynchos_sample_metadata.csv),status,to do,notes,path,ADD,ADD
Corvus corone corone,[sample sheet](https://github.com/sjswuitchik/compPopGen_ms/blob/master/SRA/cleaned-metadata/Corvus_corone_corone_sample_metadata.csv),status,to do,notes,path,ADD,ADD
Corvus frugilegus,[sample sheet](https://github.com/sjswuitchik/compPopGen_ms/blob/master/SRA/cleaned-metadata/Corvus_frugilegus_sample_metadata.csv),status,to do,notes,path,ADD,ADD
Ctenochromis horei,[sample sheet](https://github.com/sjswuitchik/compPopGen_ms/blob/master/SRA/cleaned-metadata/Ctenochromis_horei_sample_metadata.csv),status,to do,notes,path,ADD,ADD
Ficedula hyperythra,[sample sheet](https://github.com/sjswuitchik/compPopGen_ms/blob/master/SRA/cleaned-metadata/Ficedula_hyperythra_sample_metadata.csv),status,to do,notes,path,ADD,ADD
Ficedula hypoleuca,[sample sheet](https://github.com/sjswuitchik/compPopGen_ms/blob/master/SRA/cleaned-metadata/Ficedula_hypoleuca_sample_metadata.csv),status,to do,-,gVCFs: `/n/holylfs05/LABS/informatics/Lab/holylfs/ashultz/CompPopGen/SPECIES_DATASETS/Fhypoleuca/gvcf`,ADD,ADD
Ficedula parva,[sample sheet](https://github.com/sjswuitchik/compPopGen_ms/blob/master/SRA/cleaned-metadata/Ficedula_parva_sample_metadata.csv),status,to do,notes,path,ADD,ADD
Ficedula semitorquata,[sample sheet](https://github.com/sjswuitchik/compPopGen_ms/blob/master/SRA/cleaned-metadata/Ficedula_semitorquata_sample_metadata.csv),status,to do,notes,path,ADD,ADD
Ficedula speculigera,[sample sheet](https://github.com/sjswuitchik/compPopGen_ms/blob/master/SRA/cleaned-metadata/Ficedula_speculigera_sample_metadata.csv),status,to do,notes,path,ADD,ADD
Fundulus heteroclitus,[sample sheet](https://github.com/sjswuitchik/compPopGen_ms/blob/master/SRA/cleaned-metadata/Fundulus_heteroclitus_sample_metadata.csv),status,to do,-,`/n/holylfs05/LABS/informatics/Everyone/comppopgen_pipeline/_______`,ADD,ADD
Gasterosteus aculeatus,[sample sheet](https://github.com/sjswuitchik/compPopGen_ms/blob/master/SRA/cleaned-metadata/Gasterosteus_aculeatus_sample_metadata.csv),status,to do,-,gVCFs: `/n/holylfs05/LABS/informatics/Lab/holylfs/ashultz/CompPopGen/SPECIES_DATASETS/Gaculeatus/gvcf`,ADD,ADD
Gasterosteus nipponicus,[sample sheet](https://github.com/sjswuitchik/compPopGen_ms/blob/master/SRA/cleaned-metadata/Gasterosteus_nipponicus_sample_metadata.csv),status,to do,notes,path,ADD,ADD
Gymnocorymbus ternetzi,[sample sheet](https://github.com/sjswuitchik/compPopGen_ms/blob/master/SRA/cleaned-metadata/Gymnocorymbus_ternetzi_sample_metadata.csv),status,to do,notes,path,ADD,ADD
Hippocampus abdominalis,[sample sheet](https://github.com/sjswuitchik/compPopGen_ms/blob/master/SRA/cleaned-metadata/Hippocampus_abdominalis_sample_metadata.csv),status,to do,notes,path,ADD,ADD
Hippocampus algiricus,[sample sheet](https://github.com/sjswuitchik/compPopGen_ms/blob/master/SRA/cleaned-metadata/Hippocampus_algiricus_sample_metadata.csv),status,to do,notes,path,ADD,ADD
Hippocampus barbouri,[sample sheet](https://github.com/sjswuitchik/compPopGen_ms/blob/master/SRA/cleaned-metadata/Hippocampus_barbouri_sample_metadata.csv),status,to do,notes,path,ADD,ADD
Hippocampus comes,[sample sheet](https://github.com/sjswuitchik/compPopGen_ms/blob/master/SRA/cleaned-metadata/Hippocampus_comes_sample_metadata.csv),status,to do,notes,path,ADD,ADD
Hippocampus erectus,[sample sheet](https://github.com/sjswuitchik/compPopGen_ms/blob/master/SRA/cleaned-metadata/Hippocampus_erectus_sample_metadata.csv),status,to do,notes,path,ADD,ADD
Hippocampus fuscus,[sample sheet](https://github.com/sjswuitchik/compPopGen_ms/blob/master/SRA/cleaned-metadata/Hippocampus_fuscus_sample_metadata.csv),status,to do,notes,path,ADD,ADD
Hippocampus hippocampus,[sample sheet](https://github.com/sjswuitchik/compPopGen_ms/blob/master/SRA/cleaned-metadata/Hippocampus_hippocampus_sample_metadata.csv),status,to do,notes,path,ADD,ADD
Hippocampus histrix,[sample sheet](https://github.com/sjswuitchik/compPopGen_ms/blob/master/SRA/cleaned-metadata/Hippocampus_histrix_sample_metadata.csv),status,to do,notes,path,ADD,ADD
Hippocampus ingens,[sample sheet](https://github.com/sjswuitchik/compPopGen_ms/blob/master/SRA/cleaned-metadata/Hippocampus_ingens_sample_metadata.csv),status,to do,notes,path,ADD,ADD
Hippocampus jayakari,[sample sheet](https://github.com/sjswuitchik/compPopGen_ms/blob/master/SRA/cleaned-metadata/Hippocampus_jayakari_sample_metadata.csv),status,to do,notes,path,ADD,ADD
Hippocampus kelloggi,[sample sheet](https://github.com/sjswuitchik/compPopGen_ms/blob/master/SRA/cleaned-metadata/Hippocampus_kelloggi_sample_metadata.csv),status,to do,notes,path,ADD,ADD
Hippocampus kuda,[sample sheet](https://github.com/sjswuitchik/compPopGen_ms/blob/master/SRA/cleaned-metadata/Hippocampus_kuda_sample_metadata.csv),status,to do,notes,path,ADD,ADD
Hippocampus mohnikei,[sample sheet](https://github.com/sjswuitchik/compPopGen_ms/blob/master/SRA/cleaned-metadata/Hippocampus_mohnikei_sample_metadata.csv),status,to do,notes,path,ADD,ADD
Hippocampus reidi,[sample sheet](https://github.com/sjswuitchik/compPopGen_ms/blob/master/SRA/cleaned-metadata/Hippocampus_reidi_sample_metadata.csv),status,to do,notes,path,ADD,ADD
Hippocampus spinosissimus,[sample sheet](https://github.com/sjswuitchik/compPopGen_ms/blob/master/SRA/cleaned-metadata/Hippocampus_spinosissimus_sample_metadata.csv),status,to do,notes,path,ADD,ADD
Hippocampus subelongatus,[sample sheet](https://github.com/sjswuitchik/compPopGen_ms/blob/master/SRA/cleaned-metadata/Hippocampus_subelongatus_sample_metadata.csv),status,to do,notes,path,ADD,ADD
Hippocampus trimaculatus,[sample sheet](https://github.com/sjswuitchik/compPopGen_ms/blob/master/SRA/cleaned-metadata/Hippocampus_trimaculatus_sample_metadata.csv),status,to do,notes,path,ADD,ADD
Hippocampus zosterae,[sample sheet](https://github.com/sjswuitchik/compPopGen_ms/blob/master/SRA/cleaned-metadata/Hippocampus_zosterae_sample_metadata.csv),status,to do,notes,path,ADD,ADD
Hypoplectrus gummigutta,[sample sheet](https://github.com/sjswuitchik/compPopGen_ms/blob/master/SRA/cleaned-metadata/Hypoplectrus_gummigutta_sample_metadata.csv),status,to do,notes,path,ADD,ADD
Hypoplectrus nigricans,[sample sheet](https://github.com/sjswuitchik/compPopGen_ms/blob/master/SRA/cleaned-metadata/Hypoplectrus_nigricans_sample_metadata.csv),status,to do,notes,path,ADD,ADD
Hypoplectrus puella,[sample sheet](https://github.com/sjswuitchik/compPopGen_ms/blob/master/SRA/cleaned-metadata/Hypoplectrus_puella_sample_metadata.csv),status,to do,notes,path,ADD,ADD
Hypoplectrus unicolor,[sample sheet](https://github.com/sjswuitchik/compPopGen_ms/blob/master/SRA/cleaned-metadata/Hypoplectrus_unicolor_sample_metadata.csv),status,to do,notes,path,ADD,ADD
Larimichthys crocea,[sample sheet](https://github.com/sjswuitchik/compPopGen_ms/blob/master/SRA/cleaned-metadata/Larimichthys_crocea_sample_metadata.csv),status,to do,notes,path,ADD,ADD
Leuciscus waleckii,[sample sheet](https://github.com/sjswuitchik/compPopGen_ms/blob/master/SRA/cleaned-metadata/Leuciscus_waleckii_sample_metadata.csv),status,to do,-,gVCFs: `/n/holylfs05/LABS/informatics/Lab/holylfs/ashultz/CompPopGen/SPECIES_DATASETS/Lwaleckii/gvcf`,ADD,ADD
Oryzias latipes,[sample sheet](https://github.com/sjswuitchik/compPopGen_ms/blob/master/SRA/cleaned-metadata/Oryzias_latipes_sample_metadata.csv),status,to do,notes,path,ADD,ADD
Parus major,[sample sheet](https://github.com/sjswuitchik/compPopGen_ms/blob/master/SRA/cleaned-metadata/Parus_major_sample_metadata.csv),status,to do,notes,path,ADD,ADD
Passer domesticus,[sample sheet](https://github.com/sjswuitchik/compPopGen_ms/blob/master/SRA/cleaned-metadata/Passer_domesticus_sample_metadata.csv),status,to do,-,-,ADD,ADD
Passer hispaniolensis,[sample sheet](https://github.com/sjswuitchik/compPopGen_ms/blob/master/SRA/cleaned-metadata/Passer_hispaniolensis_sample_metadata.csv),status,to do,notes,path,ADD,ADD
Passer italiae,[sample sheet](https://github.com/sjswuitchik/compPopGen_ms/blob/master/SRA/cleaned-metadata/Passer_italiae_sample_metadata.csv),status,to do,notes,path,ADD,ADD
Passer montanus,[sample sheet](https://github.com/sjswuitchik/compPopGen_ms/blob/master/SRA/cleaned-metadata/Passer_montanus_sample_metadata.csv),status,to do,notes,path,ADD,ADD
Phylloscopus collybita abietinus,[sample sheet](https://github.com/sjswuitchik/compPopGen_ms/blob/master/SRA/cleaned-metadata/Phylloscopus_collybita_abietinus_sample_metadata.csv),status,to do,-,gVCFs: `/n/holylfs05/LABS/informatics/Lab/holylfs/ashultz/CompPopGen/SPECIES_DATASETS/Pcollybita/gvcf`,ADD,ADD
Phylloscopus collybita tristis,[sample sheet](https://github.com/sjswuitchik/compPopGen_ms/blob/master/SRA/cleaned-metadata/Phylloscopus_collybita_tristis_sample_metadata.csv),status,to do,notes,path,ADD,ADD
Phylloscopus trochilus acredula,[sample sheet](https://github.com/sjswuitchik/compPopGen_ms/blob/master/SRA/cleaned-metadata/Phylloscopus_trochilus_acredula_sample_metadata.csv),status,to do,notes,path,ADD,ADD
Phylloscopus trochilus trochilus,[sample sheet](https://github.com/sjswuitchik/compPopGen_ms/blob/master/SRA/cleaned-metadata/Phylloscopus_trochilus_trochilus_sample_metadata.csv),status,to do,notes,path,ADD,ADD
Poecilia formosa,[sample sheet](https://github.com/sjswuitchik/compPopGen_ms/blob/master/SRA/cleaned-metadata/Poecilia_formosa_sample_metadata.csv),status,to do,notes,path,ADD,ADD
Poecilia reticulata,[sample sheet](https://github.com/sjswuitchik/compPopGen_ms/blob/master/SRA/cleaned-metadata/Poecilia_reticulata_sample_metadata.csv),status,to do,notes,path,ADD,ADD
Poephila acuticauda,[sample sheet](https://github.com/sjswuitchik/compPopGen_ms/blob/master/SRA/cleaned-metadata/Poephila_acuticauda_sample_metadata.csv),status,to do,notes,path,ADD,ADD
Pungitius pungitius,[sample sheet](https://github.com/sjswuitchik/compPopGen_ms/blob/master/SRA/cleaned-metadata/Pungitius_pungitius_sample_metadata.csv),status,to do,notes,path,ADD,ADD
Pungitius sinensis,[sample sheet](https://github.com/sjswuitchik/compPopGen_ms/blob/master/SRA/cleaned-metadata/Pungitius_sinensis_sample_metadata.csv),status,to do,notes,path,ADD,ADD
Pungitius tymensis,[sample sheet](https://github.com/sjswuitchik/compPopGen_ms/blob/master/SRA/cleaned-metadata/Pungitius_tymensis_sample_metadata.csv),status,to do,notes,path,ADD,ADD
Strix occidentalis caurina,[sample sheet](https://github.com/sjswuitchik/compPopGen_ms/blob/master/SRA/cleaned-metadata/Strix_occidentalis_caurina_sample_metadata.csv),status,to do,notes,path,ADD,ADD
Strix varia,[sample sheet](https://github.com/sjswuitchik/compPopGen_ms/blob/master/SRA/cleaned-metadata/Strix_varia_sample_metadata.csv),status,to do,notes,path,ADD,ADD
Sylvia abyssinica,[sample sheet](https://github.com/sjswuitchik/compPopGen_ms/blob/master/SRA/cleaned-metadata/Sylvia_abyssinica_sample_metadata.csv),status,to do,notes,path,ADD,ADD
Sylvia atricapilla,[sample sheet](https://github.com/sjswuitchik/compPopGen_ms/blob/master/SRA/cleaned-metadata/Sylvia_atricapilla_sample_metadata.csv),status,to do,notes,path,ADD,ADD
Sylvia borin,[sample sheet](https://github.com/sjswuitchik/compPopGen_ms/blob/master/SRA/cleaned-metadata/Sylvia_borin_sample_metadata.csv),status,to do,notes,path,ADD,ADD
Taeniopygia bichenovii,[sample sheet](https://github.com/sjswuitchik/compPopGen_ms/blob/master/SRA/cleaned-metadata/Taeniopygia_bichenovii_sample_metadata.csv),status,to do,notes,path,ADD,ADD
Taeniopygia guttata,[sample sheet](https://github.com/sjswuitchik/compPopGen_ms/blob/master/SRA/cleaned-metadata/Taeniopygia_guttata_sample_metadata.csv),status,to do,notes,path,ADD,ADD
Takifugu alboplumbeus,[sample sheet](https://github.com/sjswuitchik/compPopGen_ms/blob/master/SRA/cleaned-metadata/Takifugu_alboplumbeus_sample_metadata.csv),status,to do,notes,path,ADD,ADD
Takifugu bimaculatus,[sample sheet](https://github.com/sjswuitchik/compPopGen_ms/blob/master/SRA/cleaned-metadata/Takifugu_bimaculatus_sample_metadata.csv),status,to do,notes,path,ADD,ADD
Takifugu flavidus,[sample sheet](https://github.com/sjswuitchik/compPopGen_ms/blob/master/SRA/cleaned-metadata/Takifugu_flavidus_sample_metadata.csv),status,to do,notes,path,ADD,ADD
Takifugu obscurus,[sample sheet](https://github.com/sjswuitchik/compPopGen_ms/blob/master/SRA/cleaned-metadata/Takifugu_obscurus_sample_metadata.csv),status,to do,notes,path,ADD,ADD
Takifugu rubripes,[sample sheet](https://github.com/sjswuitchik/compPopGen_ms/blob/master/SRA/cleaned-metadata/Takifugu_rubripes_sample_metadata.csv),status,to do,notes,path,ADD,ADD