Organism	BioProject	BioSample	SampleName	Sex	Isolate	Country	Continent	Locality	Ecotype
Anguilla_anguilla	PRJNA668259	SAMN16492784	AST9	missing	AST9	Sweden	Europe	Sweden:Stromsan	AST
Anguilla_anguilla	PRJNA668259	SAMN16492832	ATU55	missing	ATU55	Tunisia	Africa	Tunisia:Oued Medjerda	ATU
Anguilla_anguilla	PRJNA668259	SAMN16492884	SMS41	missing	SMS41	Sweden	Europe	Sweden:Motala strom	SMS
Anguilla_anguilla	PRJNA668259	SAMN16492871	SMS29	missing	SMS29	Sweden	Europe	Sweden:Motala strom	SMS
Anguilla_anguilla	PRJNA668259	SAMN16492867	SMS25	missing	SMS25	Sweden	Europe	Sweden:Motala strom	SMS
Anguilla_anguilla	PRJNA668259	SAMN16492865	SMS23	missing	SMS23	Sweden	Europe	Sweden:Motala strom	SMS
Anguilla_anguilla	PRJNA668259	SAMN16492856	SMS14	missing	SMS14	Sweden	Europe	Sweden:Motala strom	SMS
Anguilla_anguilla	PRJNA668259	SAMN16492850	ATU8	missing	ATU8	Tunisia	Africa	Tunisia:Oued Medjerda	ATU
Anguilla_anguilla	PRJNA668259	SAMN16492845	ATU67	missing	ATU67	Tunisia	Africa	Tunisia:Oued Medjerda	ATU
Anguilla_anguilla	PRJNA668259	SAMN16492843	ATU65	missing	ATU65	Tunisia	Africa	Tunisia:Oued Medjerda	ATU
Anguilla_anguilla	PRJNA668259	SAMN16492839	ATU61	missing	ATU61	Tunisia	Africa	Tunisia:Oued Medjerda	ATU
Anguilla_anguilla	PRJNA668259	SAMN16492660	AMAR40	missing	AMAR40	Morocco	Africa	Morocco:Oued Sebou	AMAR
Anguilla_anguilla	PRJNA668259	SAMN16492835	ATU58	missing	ATU58	Tunisia	Africa	Tunisia:Oued Medjerda	ATU
Anguilla_anguilla	PRJNA668259	SAMN16492827	ATU50	missing	ATU50	Tunisia	Africa	Tunisia:Oued Medjerda	ATU
Anguilla_anguilla	PRJNA668259	SAMN16492837	ATU5	missing	ATU5	Tunisia	Africa	Tunisia:Oued Medjerda	ATU
Anguilla_anguilla	PRJNA668259	SAMN16492821	ATU45	missing	ATU45	Tunisia	Africa	Tunisia:Oued Medjerda	ATU
Anguilla_anguilla	PRJNA668259	SAMN16492816	ATU40	missing	ATU40	Tunisia	Africa	Tunisia:Oued Medjerda	ATU
Anguilla_anguilla	PRJNA668259	SAMN16492814	ATU39	missing	ATU39	Tunisia	Africa	Tunisia:Oued Medjerda	ATU
Anguilla_anguilla	PRJNA668259	SAMN16492808	ATU33	missing	ATU33	Tunisia	Africa	Tunisia:Oued Medjerda	ATU
Anguilla_anguilla	PRJNA668259	SAMN16492803	ATU28	missing	ATU28	Tunisia	Africa	Tunisia:Oued Medjerda	ATU
Anguilla_anguilla	PRJNA668259	SAMN16492800	ATU25	missing	ATU25	Tunisia	Africa	Tunisia:Oued Medjerda	ATU
Anguilla_anguilla	PRJNA668259	SAMN16492795	ATU20	missing	ATU20	Tunisia	Africa	Tunisia:Oued Medjerda	ATU
Anguilla_anguilla	PRJNA668259	SAMN16492658	AMAR39	missing	AMAR39	Morocco	Africa	Morocco:Oued Sebou	AMAR
Anguilla_anguilla	PRJNA668259	SAMN16492445	AAF48	missing	AAF48	France	Europe	France:Arzal	AAF
Anguilla_anguilla	PRJNA668259	SAMN16492769	AST23	missing	AST23	Sweden	Europe	Sweden:Stromsan	AST
Anguilla_anguilla	PRJNA668259	SAMN16492759	AST14	missing	AST14	Sweden	Europe	Sweden:Stromsan	AST
Anguilla_anguilla	PRJNA668259	SAMN16492757	AST12	missing	AST12	Sweden	Europe	Sweden:Stromsan	AST
Anguilla_anguilla	PRJNA668259	SAMN16492754	ASRI9	missing	ASRI9	Sweden	Europe	Sweden:Ringhals	ASRI
Anguilla_anguilla	PRJNA668259	SAMN16492728	ASRI13	missing	ASRI13	Sweden	Europe	Sweden:Ringhals	ASRI
Anguilla_anguilla	PRJNA668259	SAMN16492725	ASRI10	missing	ASRI10	Sweden	Europe	Sweden:Ringhals	ASRI
Anguilla_anguilla	PRJNA668259	SAMN16492720	APM5	missing	APM5	Portugal	Europe	Portugal:Mira river	APM
Anguilla_anguilla	PRJNA668259	SAMN16492710	APM42	missing	APM42	Portugal	Europe	Portugal:Mira river	APM
Anguilla_anguilla	PRJNA668259	SAMN16492532	AI104	missing	AI104	Ireland	Europe	Ireland:River Erne	AI
Anguilla_anguilla	PRJNA668259	SAMN16492438	AAF41	missing	AAF41	France	Europe	France:Arzal	AAF
Anguilla_anguilla	PRJNA668259	SAMN16492432	AAF36	missing	AAF36	France	Europe	France:Arzal	AAF
Anguilla_anguilla	PRJNA668259	SAMN16492428	AAF32	missing	AAF32	France	Europe	France:Arzal	AAF
Anguilla_anguilla	PRJNA668259	SAMN16492425	AAF29	missing	AAF29	France	Europe	France:Arzal	AAF
Anguilla_anguilla	PRJNA668259	SAMN16492424	AAF28	missing	AAF28	France	Europe	France:Arzal	AAF
Anguilla_anguilla	PRJNA668259	SAMN16492417	AAF21	missing	AAF21	France	Europe	France:Arzal	AAF
Anguilla_anguilla	PRJNA668259	SAMN16492899	SMS9	missing	SMS9	Sweden	Europe	Sweden:Motala strom	SMS
Anguilla_anguilla	PRJNA668259	SAMN16492889	SMS46	missing	SMS46	Sweden	Europe	Sweden:Motala strom	SMS
Anguilla_anguilla	PRJNA668259	SAMN16492524	AES3	missing	AES3	United Kingdom	Europe	United Kingdom: Severn river	AES
Anguilla_anguilla	PRJNA668259	SAMN16492447	AAF4	missing	AAF4	France	Europe	France:Arzal	AAF
Anguilla_anguilla	PRJNA668259	SAMN16492860	SMS18	missing	SMS18	Sweden	Europe	Sweden:Motala strom	SMS
Anguilla_anguilla	PRJNA668259	SAMN16492844	ATU66	missing	ATU66	Tunisia	Africa	Tunisia:Oued Medjerda	ATU
Anguilla_anguilla	PRJNA668259	SAMN16492841	ATU63	missing	ATU63	Tunisia	Africa	Tunisia:Oued Medjerda	ATU
Anguilla_anguilla	PRJNA668259	SAMN16492833	ATU56	missing	ATU56	Tunisia	Africa	Tunisia:Oued Medjerda	ATU
Anguilla_anguilla	PRJNA668259	SAMN16492822	ATU46	missing	ATU46	Tunisia	Africa	Tunisia:Oued Medjerda	ATU
Anguilla_anguilla	PRJNA668259	SAMN16492521	AES28	missing	AES28	United Kingdom	Europe	United Kingdom: Severn river	AES
Anguilla_anguilla	PRJNA668259	SAMN16492819	ATU43	missing	ATU43	Tunisia	Africa	Tunisia:Oued Medjerda	ATU
Anguilla_anguilla	PRJNA668259	SAMN16492654	AMAR35	missing	AMAR35	Morocco	Africa	Morocco:Oued Sebou	AMAR
Anguilla_anguilla	PRJNA668259	SAMN16492708	APM40	missing	APM40	Portugal	Europe	Portugal:Mira river	APM
Anguilla_anguilla	PRJNA668259	SAMN16492702	APM35	missing	APM35	Portugal	Europe	Portugal:Mira river	APM
Anguilla_anguilla	PRJNA668259	SAMN16492700	APM33	missing	APM33	Portugal	Europe	Portugal:Mira river	APM
Anguilla_anguilla	PRJNA668259	SAMN16492677	APM10	missing	APM10	Portugal	Europe	Portugal:Mira river	APM
Anguilla_anguilla	PRJNA668259	SAMN16492675	AMAR8	missing	AMAR8	Morocco	Africa	Morocco:Oued Sebou	AMAR
Anguilla_anguilla	PRJNA668259	SAMN16492661	AMAR41	missing	AMAR41	Morocco	Africa	Morocco:Oued Sebou	AMAR
Anguilla_anguilla	PRJNA668259	SAMN16492640	AMAR22	missing	AMAR22	Morocco	Africa	Morocco:Oued Sebou	AMAR
Anguilla_anguilla	PRJNA668259	SAMN16492617	ALI47	missing	ALI47	Lithuania	Europe	Lithuania:Curonian Lagoon	ALI
Anguilla_anguilla	PRJNA668259	SAMN16492613	ALI43	missing	ALI43	Lithuania	Europe	Lithuania:Curonian Lagoon	ALI
Anguilla_anguilla	PRJNA668259	SAMN16492602	ALI33	missing	ALI33	Lithuania	Europe	Lithuania:Curonian Lagoon	ALI
Anguilla_anguilla	PRJNA668259	SAMN16492650	AMAR31	missing	AMAR31	Morocco	Africa	Morocco:Oued Sebou	AMAR
Anguilla_anguilla	PRJNA668259	SAMN16492609	ALI3	missing	ALI3	Lithuania	Europe	Lithuania:Curonian Lagoon	ALI
Anguilla_anguilla	PRJNA668259	SAMN16492593	ALI24	missing	ALI24	Lithuania	Europe	Lithuania:Curonian Lagoon	ALI
Anguilla_anguilla	PRJNA668259	SAMN16492592	ALI23	missing	ALI23	Lithuania	Europe	Lithuania:Curonian Lagoon	ALI
Anguilla_anguilla	PRJNA668259	SAMN16492588	ALI19	missing	ALI19	Lithuania	Europe	Lithuania:Curonian Lagoon	ALI
Anguilla_anguilla	PRJNA668259	SAMN16492581	ALI12	missing	ALI12	Lithuania	Europe	Lithuania:Curonian Lagoon	ALI
Anguilla_anguilla	PRJNA668259	SAMN16492579	ALI10	missing	ALI10	Lithuania	Europe	Lithuania:Curonian Lagoon	ALI
Anguilla_anguilla	PRJNA668259	SAMN16492574	AI146	missing	AI146	Ireland	Europe	Ireland:River Erne	AI
Anguilla_anguilla	PRJNA668259	SAMN16492571	AI143	missing	AI143	Ireland	Europe	Ireland:River Erne	AI
Anguilla_anguilla	PRJNA668259	SAMN16492568	AI140	missing	AI140	Ireland	Europe	Ireland:River Erne	AI
Anguilla_anguilla	PRJNA668259	SAMN16492659	AMAR3	missing	AMAR3	Morocco	Africa	Morocco:Oued Sebou	AMAR
Anguilla_anguilla	PRJNA668259	SAMN16492566	AI138	missing	AI138	Ireland	Europe	Ireland:River Erne	AI
Anguilla_anguilla	PRJNA668259	SAMN16492558	AI130	missing	AI130	Ireland	Europe	Ireland:River Erne	AI
Anguilla_anguilla	PRJNA668259	SAMN16492545	AI117	missing	AI117	Ireland	Europe	Ireland:River Erne	AI
Anguilla_anguilla	PRJNA668259	SAMN16492543	AI115	missing	AI115	Ireland	Europe	Ireland:River Erne	AI
Anguilla_anguilla	PRJNA668259	SAMN16492535	AI107	missing	AI107	Ireland	Europe	Ireland:River Erne	AI
Anguilla_anguilla	PRJNA668259	SAMN16492530	AES9	missing	AES9	United Kingdom	Europe	United Kingdom: Severn river	AES
Anguilla_anguilla	PRJNA668259	SAMN16492527	AES6	missing	AES6	United Kingdom	Europe	United Kingdom: Severn river	AES
Anguilla_anguilla	PRJNA668259	SAMN16492511	AES18	missing	AES18	United Kingdom	Europe	United Kingdom: Severn river	AES
Anguilla_anguilla	PRJNA668259	SAMN16492812	ATU37	missing	ATU37	Tunisia	Africa	Tunisia:Oued Medjerda	ATU
Anguilla_anguilla	PRJNA668259	SAMN16492801	ATU26	missing	ATU26	Tunisia	Africa	Tunisia:Oued Medjerda	ATU
Anguilla_anguilla	PRJNA668259	SAMN16492799	ATU24	missing	ATU24	Tunisia	Africa	Tunisia:Oued Medjerda	ATU
Anguilla_anguilla	PRJNA668259	SAMN16492796	ATU21	missing	ATU21	Tunisia	Africa	Tunisia:Oued Medjerda	ATU
Anguilla_anguilla	PRJNA668259	SAMN16492793	ATU18	missing	ATU18	Tunisia	Africa	Tunisia:Oued Medjerda	ATU
Anguilla_anguilla	PRJNA668259	SAMN16492778	AST3	missing	AST3	Sweden	Europe	Sweden:Stromsan	AST
Anguilla_anguilla	PRJNA668259	SAMN16492774	AST28	missing	AST28	Sweden	Europe	Sweden:Stromsan	AST
Anguilla_anguilla	PRJNA668259	SAMN16492752	ASRI7	missing	ASRI7	Sweden	Europe	Sweden:Ringhals	ASRI
Anguilla_anguilla	PRJNA668259	SAMN16492744	ASRI28	missing	ASRI28	Sweden	Europe	Sweden:Ringhals	ASRI
Anguilla_anguilla	PRJNA668259	SAMN16492516	AES23	missing	AES23	United Kingdom	Europe	United Kingdom: Severn river	AES
Anguilla_anguilla	PRJNA668259	SAMN16492738	ASRI22	missing	ASRI22	Sweden	Europe	Sweden:Ringhals	ASRI
Anguilla_anguilla	PRJNA668259	SAMN16492737	ASRI21	missing	ASRI21	Sweden	Europe	Sweden:Ringhals	ASRI
Anguilla_anguilla	PRJNA668259	SAMN16492704	APM37	missing	APM37	Portugal	Europe	Portugal:Mira river	APM
Anguilla_anguilla	PRJNA668259	SAMN16492701	APM34	missing	APM34	Portugal	Europe	Portugal:Mira river	APM
Anguilla_anguilla	PRJNA668259	SAMN16492698	APM31	missing	APM31	Portugal	Europe	Portugal:Mira river	APM
Anguilla_anguilla	PRJNA668259	SAMN16492707	APM3	missing	APM3	Portugal	Europe	Portugal:Mira river	APM
Anguilla_anguilla	PRJNA668259	SAMN16492689	APM22	missing	APM22	Portugal	Europe	Portugal:Mira river	APM
Anguilla_anguilla	PRJNA668259	SAMN16492678	APM11	missing	APM11	Portugal	Europe	Portugal:Mira river	APM
Anguilla_anguilla	PRJNA668259	SAMN16492507	AES14	missing	AES14	United Kingdom	Europe	United Kingdom: Severn river	AES
Anguilla_anguilla	PRJNA668259	SAMN16492676	AMAR9	missing	AMAR9	Morocco	Africa	Morocco:Oued Sebou	AMAR
Anguilla_anguilla	PRJNA668259	SAMN16492673	AMAR6	missing	AMAR6	Morocco	Africa	Morocco:Oued Sebou	AMAR
Anguilla_anguilla	PRJNA668259	SAMN16492668	AMAR48	missing	AMAR48	Morocco	Africa	Morocco:Oued Sebou	AMAR
Anguilla_anguilla	PRJNA668259	SAMN16492655	AMAR36	missing	AMAR36	Morocco	Africa	Morocco:Oued Sebou	AMAR
Anguilla_anguilla	PRJNA668259	SAMN16492652	AMAR33	missing	AMAR33	Morocco	Africa	Morocco:Oued Sebou	AMAR
Anguilla_anguilla	PRJNA668259	SAMN16492642	AMAR24	missing	AMAR24	Morocco	Africa	Morocco:Oued Sebou	AMAR
Anguilla_anguilla	PRJNA668259	SAMN16492648	AMAR2	missing	AMAR2	Morocco	Africa	Morocco:Oued Sebou	AMAR
Anguilla_anguilla	PRJNA668259	SAMN16492636	AMAR19	missing	AMAR19	Morocco	Africa	Morocco:Oued Sebou	AMAR
Anguilla_anguilla	PRJNA668259	SAMN16492621	ALI50	missing	ALI50	Lithuania	Europe	Lithuania:Curonian Lagoon	ALI
Anguilla_anguilla	PRJNA668259	SAMN16492615	ALI45	missing	ALI45	Lithuania	Europe	Lithuania:Curonian Lagoon	ALI
Anguilla_anguilla	PRJNA668259	SAMN16492504	AES11	missing	AES11	United Kingdom	Europe	United Kingdom: Severn river	AES
Anguilla_anguilla	PRJNA668259	SAMN16492441	AAF44	missing	AAF44	France	Europe	France:Arzal	AAF
Anguilla_anguilla	PRJNA668259	SAMN16492437	AAF40	missing	AAF40	France	Europe	France:Arzal	AAF
Anguilla_anguilla	PRJNA668259	SAMN16492435	AAF39	missing	AAF39	France	Europe	France:Arzal	AAF
Anguilla_anguilla	PRJNA668259	SAMN16492429	AAF33	missing	AAF33	France	Europe	France:Arzal	AAF
Anguilla_anguilla	PRJNA668259	SAMN16492436	AAF3	missing	AAF3	France	Europe	France:Arzal	AAF
Anguilla_anguilla	PRJNA668259	SAMN16492638	AMAR20	missing	AMAR20	Morocco	Africa	Morocco:Oued Sebou	AMAR
Anguilla_anguilla	PRJNA668259	SAMN16492418	AAF22	missing	AAF22	France	Europe	France:Arzal	AAF
Anguilla_anguilla	PRJNA668259	SAMN16492414	AAF18	missing	AAF18	France	Europe	France:Arzal	AAF
Anguilla_anguilla	PRJNA668259	SAMN16492413	AAF17	missing	AAF17	France	Europe	France:Arzal	AAF
Anguilla_anguilla	PRJNA668259	SAMN16492409	AAF13	missing	AAF13	France	Europe	France:Arzal	AAF
Anguilla_anguilla	PRJNA668259	SAMN16492887	SMS44	missing	SMS44	Sweden	Europe	Sweden:Motala strom	SMS
Anguilla_anguilla	PRJNA668259	SAMN16492881	SMS39	missing	SMS39	Sweden	Europe	Sweden:Motala strom	SMS
Anguilla_anguilla	PRJNA668259	SAMN16492879	SMS37	missing	SMS37	Sweden	Europe	Sweden:Motala strom	SMS
Anguilla_anguilla	PRJNA668259	SAMN16492869	SMS27	missing	SMS27	Sweden	Europe	Sweden:Motala strom	SMS
Anguilla_anguilla	PRJNA668259	SAMN16492864	SMS22	missing	SMS22	Sweden	Europe	Sweden:Motala strom	SMS
Anguilla_anguilla	PRJNA668259	SAMN16492831	ATU54	missing	ATU54	Tunisia	Africa	Tunisia:Oued Medjerda	ATU
Anguilla_anguilla	PRJNA668259	SAMN16492632	AMAR15	missing	AMAR15	Morocco	Africa	Morocco:Oued Sebou	AMAR
Anguilla_anguilla	PRJNA668259	SAMN16492829	ATU52	missing	ATU52	Tunisia	Africa	Tunisia:Oued Medjerda	ATU
Anguilla_anguilla	PRJNA668259	SAMN16492828	ATU51	missing	ATU51	Tunisia	Africa	Tunisia:Oued Medjerda	ATU
Anguilla_anguilla	PRJNA668259	SAMN16492820	ATU44	missing	ATU44	Tunisia	Africa	Tunisia:Oued Medjerda	ATU
Anguilla_anguilla	PRJNA668259	SAMN16492826	ATU4	missing	ATU4	Tunisia	Africa	Tunisia:Oued Medjerda	ATU
Anguilla_anguilla	PRJNA668259	SAMN16492815	ATU3	missing	ATU3	Tunisia	Africa	Tunisia:Oued Medjerda	ATU
Anguilla_anguilla	PRJNA668259	SAMN16492804	ATU29	missing	ATU29	Tunisia	Africa	Tunisia:Oued Medjerda	ATU
Anguilla_anguilla	PRJNA668259	SAMN16492794	ATU19	missing	ATU19	Tunisia	Africa	Tunisia:Oued Medjerda	ATU
Anguilla_anguilla	PRJNA668259	SAMN16492790	ATU15	missing	ATU15	Tunisia	Africa	Tunisia:Oued Medjerda	ATU
Anguilla_anguilla	PRJNA668259	SAMN16492601	ALI32	missing	ALI32	Lithuania	Europe	Lithuania:Curonian Lagoon	ALI
Anguilla_anguilla	PRJNA668259	SAMN16492597	ALI28	missing	ALI28	Lithuania	Europe	Lithuania:Curonian Lagoon	ALI
Anguilla_anguilla	PRJNA668259	SAMN16492584	ALI15	missing	ALI15	Lithuania	Europe	Lithuania:Curonian Lagoon	ALI
Anguilla_anguilla	PRJNA668259	SAMN16492580	ALI11	missing	ALI11	Lithuania	Europe	Lithuania:Curonian Lagoon	ALI
Anguilla_anguilla	PRJNA668259	SAMN16492573	AI145	missing	AI145	Ireland	Europe	Ireland:River Erne	AI
Anguilla_anguilla	PRJNA668259	SAMN16492572	AI144	missing	AI144	Ireland	Europe	Ireland:River Erne	AI
Anguilla_anguilla	PRJNA668259	SAMN16492563	AI135	missing	AI135	Ireland	Europe	Ireland:River Erne	AI
Anguilla_anguilla	PRJNA668259	SAMN16492553	AI125	missing	AI125	Ireland	Europe	Ireland:River Erne	AI
Anguilla_anguilla	PRJNA668259	SAMN16492537	AI109	missing	AI109	Ireland	Europe	Ireland:River Erne	AI
Anguilla_anguilla	PRJNA668259	SAMN16492534	AI106	missing	AI106	Ireland	Europe	Ireland:River Erne	AI
Anguilla_anguilla	PRJNA668259	SAMN16492533	AI105	missing	AI105	Ireland	Europe	Ireland:River Erne	AI
Anguilla_anguilla	PRJNA668259	SAMN16492529	AES8	missing	AES8	United Kingdom	Europe	United Kingdom: Severn river	AES
Anguilla_anguilla	PRJNA668259	SAMN16492510	AES17	missing	AES17	United Kingdom	Europe	United Kingdom: Severn river	AES
Anguilla_anguilla	PRJNA668259	SAMN16492452	AAF8	missing	AAF8	France	Europe	France:Arzal	AAF
Anguilla_anguilla	PRJNA668259	SAMN16492444	AAF47	missing	AAF47	France	Europe	France:Arzal	AAF
Anguilla_anguilla	PRJNA668259	SAMN16492443	AAF46	missing	AAF46	France	Europe	France:Arzal	AAF
Anguilla_anguilla	PRJNA668259	SAMN16492426	AAF30	missing	AAF30	France	Europe	France:Arzal	AAF
Anguilla_anguilla	PRJNA668259	SAMN16492416	AAF20	missing	AAF20	France	Europe	France:Arzal	AAF
Anguilla_anguilla	PRJNA668259	SAMN16492410	AAF14	missing	AAF14	France	Europe	France:Arzal	AAF
Anguilla_anguilla	PRJNA668259	SAMN16492891	SMS48	missing	SMS48	Sweden	Europe	Sweden:Motala strom	SMS
Anguilla_anguilla	PRJNA668259	SAMN16492868	SMS26	missing	SMS26	Sweden	Europe	Sweden:Motala strom	SMS
Anguilla_anguilla	PRJNA668259	SAMN16492859	SMS17	missing	SMS17	Sweden	Europe	Sweden:Motala strom	SMS
Anguilla_anguilla	PRJNA668259	SAMN16492858	SMS16	missing	SMS16	Sweden	Europe	Sweden:Motala strom	SMS
Anguilla_anguilla	PRJNA668259	SAMN16492857	SMS15	missing	SMS15	Sweden	Europe	Sweden:Motala strom	SMS
Anguilla_anguilla	PRJNA668259	SAMN16492587	ALI18	missing	ALI18	Lithuania	Europe	Lithuania:Curonian Lagoon	ALI
Anguilla_anguilla	PRJNA668259	SAMN16492578	AI150	missing	AI150	Ireland	Europe	Ireland:River Erne	AI
Anguilla_anguilla	PRJNA668259	SAMN16492564	AI136	missing	AI136	Ireland	Europe	Ireland:River Erne	AI
Anguilla_anguilla	PRJNA668259	SAMN16492552	AI124	missing	AI124	Ireland	Europe	Ireland:River Erne	AI
Anguilla_anguilla	PRJNA668259	SAMN16492538	AI110	missing	AI110	Ireland	Europe	Ireland:River Erne	AI
Anguilla_anguilla	PRJNA668259	SAMN16492519	AES26	missing	AES26	United Kingdom	Europe	United Kingdom: Severn river	AES
Anguilla_anguilla	PRJNA668259	SAMN16492513	AES20	missing	AES20	United Kingdom	Europe	United Kingdom: Severn river	AES
Anguilla_anguilla	PRJNA668259	SAMN16492834	ATU57	missing	ATU57	Tunisia	Africa	Tunisia:Oued Medjerda	ATU
Anguilla_anguilla	PRJNA668259	SAMN16492830	ATU53	missing	ATU53	Tunisia	Africa	Tunisia:Oued Medjerda	ATU
Anguilla_anguilla	PRJNA668259	SAMN16492806	ATU31	missing	ATU31	Tunisia	Africa	Tunisia:Oued Medjerda	ATU
Anguilla_anguilla	PRJNA668259	SAMN16492791	ATU16	missing	ATU16	Tunisia	Africa	Tunisia:Oued Medjerda	ATU
Anguilla_anguilla	PRJNA668259	SAMN16492789	ATU14	missing	ATU14	Tunisia	Africa	Tunisia:Oued Medjerda	ATU
Anguilla_anguilla	PRJNA668259	SAMN16492786	ATU11	missing	ATU11	Tunisia	Africa	Tunisia:Oued Medjerda	ATU
Anguilla_anguilla	PRJNA668259	SAMN16492781	AST6	missing	AST6	Sweden	Europe	Sweden:Stromsan	AST
Anguilla_anguilla	PRJNA668259	SAMN16492772	AST26	missing	AST26	Sweden	Europe	Sweden:Stromsan	AST
Anguilla_anguilla	PRJNA668259	SAMN16492746	ASRI2	missing	ASRI2	Sweden	Europe	Sweden:Ringhals	ASRI
Anguilla_anguilla	PRJNA668259	SAMN16492729	ASRI14	missing	ASRI14	Sweden	Europe	Sweden:Ringhals	ASRI
Anguilla_anguilla	PRJNA668259	SAMN16492717	APM49	missing	APM49	Portugal	Europe	Portugal:Mira river	APM
Anguilla_anguilla	PRJNA668259	SAMN16492713	APM45	missing	APM45	Portugal	Europe	Portugal:Mira river	APM
Anguilla_anguilla	PRJNA668259	SAMN16492693	APM26	missing	APM26	Portugal	Europe	Portugal:Mira river	APM
Anguilla_anguilla	PRJNA668259	SAMN16492692	APM25	missing	APM25	Portugal	Europe	Portugal:Mira river	APM
Anguilla_anguilla	PRJNA668259	SAMN16492687	APM20	missing	APM20	Portugal	Europe	Portugal:Mira river	APM
Anguilla_anguilla	PRJNA668259	SAMN16492682	APM15	missing	APM15	Portugal	Europe	Portugal:Mira river	APM
Anguilla_anguilla	PRJNA668259	SAMN16492674	AMAR7	missing	AMAR7	Morocco	Africa	Morocco:Oued Sebou	AMAR
Anguilla_anguilla	PRJNA668259	SAMN16492671	AMAR50	missing	AMAR50	Morocco	Africa	Morocco:Oued Sebou	AMAR
Anguilla_anguilla	PRJNA668259	SAMN16492670	AMAR4	missing	AMAR4	Morocco	Africa	Morocco:Oued Sebou	AMAR
Anguilla_anguilla	PRJNA668259	SAMN16492649	AMAR30	missing	AMAR30	Morocco	Africa	Morocco:Oued Sebou	AMAR
Anguilla_anguilla	PRJNA668259	SAMN16492643	AMAR25	missing	AMAR25	Morocco	Africa	Morocco:Oued Sebou	AMAR
Anguilla_anguilla	PRJNA668259	SAMN16492641	AMAR23	missing	AMAR23	Morocco	Africa	Morocco:Oued Sebou	AMAR
Anguilla_anguilla	PRJNA668259	SAMN16492637	AMAR1	missing	AMAR1	Morocco	Africa	Morocco:Oued Sebou	AMAR
Anguilla_anguilla	PRJNA668259	SAMN16492610	ALI40	missing	ALI40	Lithuania	Europe	Lithuania:Curonian Lagoon	ALI
Anguilla_anguilla	PRJNA668259	SAMN16492620	ALI4	missing	ALI4	Lithuania	Europe	Lithuania:Curonian Lagoon	ALI
Anguilla_anguilla	PRJNA668259	SAMN16492608	ALI39	missing	ALI39	Lithuania	Europe	Lithuania:Curonian Lagoon	ALI
Anguilla_anguilla	PRJNA668259	SAMN16492598	ALI29	missing	ALI29	Lithuania	Europe	Lithuania:Curonian Lagoon	ALI
Anguilla_anguilla	PRJNA668259	SAMN16492449	AAF5	missing	AAF5	France	Europe	France:Arzal	AAF
Anguilla_anguilla	PRJNA668259	SAMN16492411	AAF15	missing	AAF15	France	Europe	France:Arzal	AAF
Anguilla_anguilla	PRJNA668259	SAMN16492898	SMS8	missing	SMS8	Sweden	Europe	Sweden:Motala strom	SMS
Anguilla_anguilla	PRJNA668259	SAMN16492894	SMS50	missing	SMS50	Sweden	Europe	Sweden:Motala strom	SMS
Anguilla_anguilla	PRJNA668259	SAMN16492892	SMS49	missing	SMS49	Sweden	Europe	Sweden:Motala strom	SMS
Anguilla_anguilla	PRJNA668259	SAMN16492886	SMS43	missing	SMS43	Sweden	Europe	Sweden:Motala strom	SMS
Anguilla_anguilla	PRJNA668259	SAMN16492883	SMS40	missing	SMS40	Sweden	Europe	Sweden:Motala strom	SMS
Anguilla_anguilla	PRJNA668259	SAMN16492893	SMS4	missing	SMS4	Sweden	Europe	Sweden:Motala strom	SMS
Anguilla_anguilla	PRJNA668259	SAMN16492875	SMS33	missing	SMS33	Sweden	Europe	Sweden:Motala strom	SMS
Anguilla_anguilla	PRJNA668259	SAMN16492874	SMS32	missing	SMS32	Sweden	Europe	Sweden:Motala strom	SMS
Anguilla_anguilla	PRJNA668259	SAMN16492870	SMS28	missing	SMS28	Sweden	Europe	Sweden:Motala strom	SMS
Anguilla_anguilla	PRJNA668259	SAMN16492453	AAF9	missing	AAF9	France	Europe	France:Arzal	AAF
Anguilla_anguilla	PRJNA668259	SAMN16492866	SMS24	missing	SMS24	Sweden	Europe	Sweden:Motala strom	SMS
Anguilla_anguilla	PRJNA668259	SAMN16492862	SMS20	missing	SMS20	Sweden	Europe	Sweden:Motala strom	SMS
Anguilla_anguilla	PRJNA668259	SAMN16492855	SMS13	missing	SMS13	Sweden	Europe	Sweden:Motala strom	SMS
Anguilla_anguilla	PRJNA668259	SAMN16492854	SMS12	missing	SMS12	Sweden	Europe	Sweden:Motala strom	SMS
Anguilla_anguilla	PRJNA668259	SAMN16492838	ATU60	missing	ATU60	Tunisia	Africa	Tunisia:Oued Medjerda	ATU
Anguilla_anguilla	PRJNA668259	SAMN16492809	ATU34	missing	ATU34	Tunisia	Africa	Tunisia:Oued Medjerda	ATU
Anguilla_anguilla	PRJNA668259	SAMN16492807	ATU32	missing	ATU32	Tunisia	Africa	Tunisia:Oued Medjerda	ATU
Anguilla_anguilla	PRJNA668259	SAMN16492805	ATU30	missing	ATU30	Tunisia	Africa	Tunisia:Oued Medjerda	ATU
Anguilla_anguilla	PRJNA668259	SAMN16492785	ATU10	missing	ATU10	Tunisia	Africa	Tunisia:Oued Medjerda	ATU
Anguilla_anguilla	PRJNA668259	SAMN16492782	AST7	missing	AST7	Sweden	Europe	Sweden:Stromsan	AST
Anguilla_anguilla	PRJNA668259	SAMN16492631	AMAR14	missing	AMAR14	Morocco	Africa	Morocco:Oued Sebou	AMAR
Anguilla_anguilla	PRJNA668259	SAMN16492779	AST4	missing	AST4	Sweden	Europe	Sweden:Stromsan	AST
Anguilla_anguilla	PRJNA668259	SAMN16492777	AST30	missing	AST30	Sweden	Europe	Sweden:Stromsan	AST
Anguilla_anguilla	PRJNA668259	SAMN16492764	AST19	missing	AST19	Sweden	Europe	Sweden:Stromsan	AST
Anguilla_anguilla	PRJNA668259	SAMN16492761	AST16	missing	AST16	Sweden	Europe	Sweden:Stromsan	AST
Anguilla_anguilla	PRJNA668259	SAMN16492751	ASRI6	missing	ASRI6	Sweden	Europe	Sweden:Ringhals	ASRI
Anguilla_anguilla	PRJNA668259	SAMN16492748	ASRI3	missing	ASRI3	Sweden	Europe	Sweden:Ringhals	ASRI
Anguilla_anguilla	PRJNA668259	SAMN16492741	ASRI25	missing	ASRI25	Sweden	Europe	Sweden:Ringhals	ASRI
Anguilla_anguilla	PRJNA668259	SAMN16492740	ASRI24	missing	ASRI24	Sweden	Europe	Sweden:Ringhals	ASRI
Anguilla_anguilla	PRJNA668259	SAMN16492727	ASRI12	missing	ASRI12	Sweden	Europe	Sweden:Ringhals	ASRI
Anguilla_anguilla	PRJNA668259	SAMN16492623	ALI6	missing	ALI6	Lithuania	Europe	Lithuania:Curonian Lagoon	ALI
Anguilla_anguilla	PRJNA668259	SAMN16492723	APM8	missing	APM8	Portugal	Europe	Portugal:Mira river	APM
Anguilla_anguilla	PRJNA668259	SAMN16492709	APM41	missing	APM41	Portugal	Europe	Portugal:Mira river	APM
Anguilla_anguilla	PRJNA668259	SAMN16492672	AMAR5	missing	AMAR5	Morocco	Africa	Morocco:Oued Sebou	AMAR
Anguilla_anguilla	PRJNA668259	SAMN16492669	AMAR49	missing	AMAR49	Morocco	Africa	Morocco:Oued Sebou	AMAR
Anguilla_anguilla	PRJNA668259	SAMN16492656	AMAR37	missing	AMAR37	Morocco	Africa	Morocco:Oued Sebou	AMAR
Anguilla_anguilla	PRJNA668259	SAMN16492651	AMAR32	missing	AMAR32	Morocco	Africa	Morocco:Oued Sebou	AMAR
Anguilla_anguilla	PRJNA668259	SAMN16492639	AMAR21	missing	AMAR21	Morocco	Africa	Morocco:Oued Sebou	AMAR
Anguilla_anguilla	PRJNA668259	SAMN16492635	AMAR18	missing	AMAR18	Morocco	Africa	Morocco:Oued Sebou	AMAR
Anguilla_anguilla	PRJNA668259	SAMN16492633	AMAR16	missing	AMAR16	Morocco	Africa	Morocco:Oued Sebou	AMAR
Anguilla_anguilla	PRJNA668259	SAMN16492607	ALI38	missing	ALI38	Lithuania	Europe	Lithuania:Curonian Lagoon	ALI
Anguilla_anguilla	PRJNA668259	SAMN16492629	AMAR12	missing	AMAR12	Morocco	Africa	Morocco:Oued Sebou	AMAR
Anguilla_anguilla	PRJNA668259	SAMN16492628	AMAR11	missing	AMAR11	Morocco	Africa	Morocco:Oued Sebou	AMAR
Anguilla_anguilla	PRJNA668259	SAMN16492627	AMAR10	missing	AMAR10	Morocco	Africa	Morocco:Oued Sebou	AMAR
Anguilla_anguilla	PRJNA668259	SAMN16492622	ALI5	missing	ALI5	Lithuania	Europe	Lithuania:Curonian Lagoon	ALI
Anguilla_anguilla	PRJNA668259	SAMN16492582	ALI13	missing	ALI13	Lithuania	Europe	Lithuania:Curonian Lagoon	ALI
Anguilla_anguilla	PRJNA668259	SAMN16492575	AI147	missing	AI147	Ireland	Europe	Ireland:River Erne	AI
Anguilla_anguilla	PRJNA668259	SAMN16492569	AI141	missing	AI141	Ireland	Europe	Ireland:River Erne	AI
Anguilla_anguilla	PRJNA668259	SAMN16492797	ATU22	missing	ATU22	Tunisia	Africa	Tunisia:Oued Medjerda	ATU
Anguilla_anguilla	PRJNA668259	SAMN16492451	AAF7	missing	AAF7	France	Europe	France:Arzal	AAF
Anguilla_anguilla	PRJNA668259	SAMN16492771	AST25	missing	AST25	Sweden	Europe	Sweden:Stromsan	AST
Anguilla_anguilla	PRJNA668259	SAMN16492767	AST21	missing	AST21	Sweden	Europe	Sweden:Stromsan	AST
Anguilla_anguilla	PRJNA668259	SAMN16492760	AST15	missing	AST15	Sweden	Europe	Sweden:Stromsan	AST
Anguilla_anguilla	PRJNA668259	SAMN16492753	ASRI8	missing	ASRI8	Sweden	Europe	Sweden:Ringhals	ASRI
Anguilla_anguilla	PRJNA668259	SAMN16492750	ASRI5	missing	ASRI5	Sweden	Europe	Sweden:Ringhals	ASRI
Anguilla_anguilla	PRJNA668259	SAMN16492734	ASRI19	missing	ASRI19	Sweden	Europe	Sweden:Ringhals	ASRI
Anguilla_anguilla	PRJNA668259	SAMN16492724	APM9	missing	APM9	Portugal	Europe	Portugal:Mira river	APM
Anguilla_anguilla	PRJNA668259	SAMN16492885	SMS42	missing	SMS42	Sweden	Europe	Sweden:Motala strom	SMS
Anguilla_anguilla	PRJNA668259	SAMN16492878	SMS36	missing	SMS36	Sweden	Europe	Sweden:Motala strom	SMS
Anguilla_anguilla	PRJNA668259	SAMN16492712	APM44	missing	APM44	Portugal	Europe	Portugal:Mira river	APM
Anguilla_anguilla	PRJNA668259	SAMN16492877	SMS35	missing	SMS35	Sweden	Europe	Sweden:Motala strom	SMS
Anguilla_anguilla	PRJNA668259	SAMN16492876	SMS34	missing	SMS34	Sweden	Europe	Sweden:Motala strom	SMS
Anguilla_anguilla	PRJNA668259	SAMN16492872	SMS30	missing	SMS30	Sweden	Europe	Sweden:Motala strom	SMS
Anguilla_anguilla	PRJNA668259	SAMN16492848	ATU6	missing	ATU6	Tunisia	Africa	Tunisia:Oued Medjerda	ATU
Anguilla_anguilla	PRJNA668259	SAMN16492825	ATU49	missing	ATU49	Tunisia	Africa	Tunisia:Oued Medjerda	ATU
Anguilla_anguilla	PRJNA668259	SAMN16492823	ATU47	missing	ATU47	Tunisia	Africa	Tunisia:Oued Medjerda	ATU
Anguilla_anguilla	PRJNA668259	SAMN16492817	ATU41	missing	ATU41	Tunisia	Africa	Tunisia:Oued Medjerda	ATU
Anguilla_anguilla	PRJNA668259	SAMN16492813	ATU38	missing	ATU38	Tunisia	Africa	Tunisia:Oued Medjerda	ATU
Anguilla_anguilla	PRJNA668259	SAMN16492787	ATU12	missing	ATU12	Tunisia	Africa	Tunisia:Oued Medjerda	ATU
Anguilla_anguilla	PRJNA668259	SAMN16492694	APM27	missing	APM27	Portugal	Europe	Portugal:Mira river	APM
Anguilla_anguilla	PRJNA668259	SAMN16492775	AST29	missing	AST29	Sweden	Europe	Sweden:Stromsan	AST
Anguilla_anguilla	PRJNA668259	SAMN16492773	AST27	missing	AST27	Sweden	Europe	Sweden:Stromsan	AST
Anguilla_anguilla	PRJNA668259	SAMN16492565	AI137	missing	AI137	Ireland	Europe	Ireland:River Erne	AI
Anguilla_anguilla	PRJNA668259	SAMN16492561	AI133	missing	AI133	Ireland	Europe	Ireland:River Erne	AI
Anguilla_anguilla	PRJNA668259	SAMN16492560	AI132	missing	AI132	Ireland	Europe	Ireland:River Erne	AI
Anguilla_anguilla	PRJNA668259	SAMN16492605	ALI36	missing	ALI36	Lithuania	Europe	Lithuania:Curonian Lagoon	ALI
Anguilla_anguilla	PRJNA668259	SAMN16492442	AAF45	missing	AAF45	France	Europe	France:Arzal	AAF
Anguilla_anguilla	PRJNA668259	SAMN16492557	AI129	missing	AI129	Ireland	Europe	Ireland:River Erne	AI
Anguilla_anguilla	PRJNA668259	SAMN16492541	AI113	missing	AI113	Ireland	Europe	Ireland:River Erne	AI
Anguilla_anguilla	PRJNA668259	SAMN16492528	AES7	missing	AES7	United Kingdom	Europe	United Kingdom: Severn river	AES
Anguilla_anguilla	PRJNA668259	SAMN16492512	AES19	missing	AES19	United Kingdom	Europe	United Kingdom: Severn river	AES
Anguilla_anguilla	PRJNA668259	SAMN16492509	AES16	missing	AES16	United Kingdom	Europe	United Kingdom: Severn river	AES
Anguilla_anguilla	PRJNA668259	SAMN16492505	AES12	missing	AES12	United Kingdom	Europe	United Kingdom: Severn river	AES
Anguilla_anguilla	PRJNA668259	SAMN16492595	ALI26	missing	ALI26	Lithuania	Europe	Lithuania:Curonian Lagoon	ALI
Anguilla_anguilla	PRJNA668259	SAMN16492440	AAF43	missing	AAF43	France	Europe	France:Arzal	AAF
Anguilla_anguilla	PRJNA668259	SAMN16492439	AAF42	missing	AAF42	France	Europe	France:Arzal	AAF
Anguilla_anguilla	PRJNA668259	SAMN16492589	ALI20	missing	ALI20	Lithuania	Europe	Lithuania:Curonian Lagoon	ALI
Anguilla_anguilla	PRJNA668259	SAMN16492434	AAF38	missing	AAF38	France	Europe	France:Arzal	AAF
Anguilla_anguilla	PRJNA668259	SAMN16492422	AAF26	missing	AAF26	France	Europe	France:Arzal	AAF
Anguilla_anguilla	PRJNA668259	SAMN16492421	AAF25	missing	AAF25	France	Europe	France:Arzal	AAF
Anguilla_anguilla	PRJNA668259	SAMN16492756	AST11	missing	AST11	Sweden	Europe	Sweden:Stromsan	AST
Anguilla_anguilla	PRJNA668259	SAMN16492765	AST1	missing	AST1	Sweden	Europe	Sweden:Stromsan	AST
Anguilla_anguilla	PRJNA668259	SAMN16492747	ASRI30	missing	ASRI30	Sweden	Europe	Sweden:Ringhals	ASRI
Anguilla_anguilla	PRJNA668259	SAMN16492743	ASRI27	missing	ASRI27	Sweden	Europe	Sweden:Ringhals	ASRI
Anguilla_anguilla	PRJNA668259	SAMN16492742	ASRI26	missing	ASRI26	Sweden	Europe	Sweden:Ringhals	ASRI
Anguilla_anguilla	PRJNA668259	SAMN16492690	APM23	missing	APM23	Portugal	Europe	Portugal:Mira river	APM
Anguilla_anguilla	PRJNA668259	SAMN16492739	ASRI23	missing	ASRI23	Sweden	Europe	Sweden:Ringhals	ASRI
Anguilla_anguilla	PRJNA668259	SAMN16492733	ASRI18	missing	ASRI18	Sweden	Europe	Sweden:Ringhals	ASRI
Anguilla_anguilla	PRJNA668259	SAMN16492726	ASRI11	missing	ASRI11	Sweden	Europe	Sweden:Ringhals	ASRI
Anguilla_anguilla	PRJNA668259	SAMN16492722	APM7	missing	APM7	Portugal	Europe	Portugal:Mira river	APM
Anguilla_anguilla	PRJNA668259	SAMN16492719	APM50	missing	APM50	Portugal	Europe	Portugal:Mira river	APM
Anguilla_anguilla	PRJNA668259	SAMN16492716	APM48	missing	APM48	Portugal	Europe	Portugal:Mira river	APM
Anguilla_anguilla	PRJNA668259	SAMN16492705	APM38	missing	APM38	Portugal	Europe	Portugal:Mira river	APM
Anguilla_anguilla	PRJNA668259	SAMN16492699	APM32	missing	APM32	Portugal	Europe	Portugal:Mira river	APM
Anguilla_anguilla	PRJNA668259	SAMN16492686	APM19	missing	APM19	Portugal	Europe	Portugal:Mira river	APM
Anguilla_anguilla	PRJNA668259	SAMN16492688	APM21	missing	APM21	Portugal	Europe	Portugal:Mira river	APM
Anguilla_anguilla	PRJNA668259	SAMN16492680	APM13	missing	APM13	Portugal	Europe	Portugal:Mira river	APM
Anguilla_anguilla	PRJNA668259	SAMN16492667	AMAR47	missing	AMAR47	Morocco	Africa	Morocco:Oued Sebou	AMAR
Anguilla_anguilla	PRJNA668259	SAMN16492653	AMAR34	missing	AMAR34	Morocco	Africa	Morocco:Oued Sebou	AMAR
Anguilla_anguilla	PRJNA668259	SAMN16492646	AMAR28	missing	AMAR28	Morocco	Africa	Morocco:Oued Sebou	AMAR
Anguilla_anguilla	PRJNA668259	SAMN16492644	AMAR26	missing	AMAR26	Morocco	Africa	Morocco:Oued Sebou	AMAR
Anguilla_anguilla	PRJNA668259	SAMN16492634	AMAR17	missing	AMAR17	Morocco	Africa	Morocco:Oued Sebou	AMAR
Anguilla_anguilla	PRJNA668259	SAMN16492630	AMAR13	missing	AMAR13	Morocco	Africa	Morocco:Oued Sebou	AMAR
Anguilla_anguilla	PRJNA668259	SAMN16492626	ALI9	missing	ALI9	Lithuania	Europe	Lithuania:Curonian Lagoon	ALI
Anguilla_anguilla	PRJNA668259	SAMN16492618	ALI48	missing	ALI48	Lithuania	Europe	Lithuania:Curonian Lagoon	ALI
Anguilla_anguilla	PRJNA668259	SAMN16492614	ALI44	missing	ALI44	Lithuania	Europe	Lithuania:Curonian Lagoon	ALI
Anguilla_anguilla	PRJNA668259	SAMN16492684	APM17	missing	APM17	Portugal	Europe	Portugal:Mira river	APM
Anguilla_anguilla	PRJNA668259	SAMN16492606	ALI37	missing	ALI37	Lithuania	Europe	Lithuania:Curonian Lagoon	ALI
Anguilla_anguilla	PRJNA668259	SAMN16492880	SMS38	missing	SMS38	Sweden	Europe	Sweden:Motala strom	SMS
Anguilla_anguilla	PRJNA668259	SAMN16492873	SMS31	missing	SMS31	Sweden	Europe	Sweden:Motala strom	SMS
Anguilla_anguilla	PRJNA668259	SAMN16492882	SMS3	missing	SMS3	Sweden	Europe	Sweden:Motala strom	SMS
Anguilla_anguilla	PRJNA668259	SAMN16492863	SMS21	missing	SMS21	Sweden	Europe	Sweden:Motala strom	SMS
Anguilla_anguilla	PRJNA668259	SAMN16492852	SMS10	missing	SMS10	Sweden	Europe	Sweden:Motala strom	SMS
Anguilla_anguilla	PRJNA668259	SAMN16492585	ALI16	missing	ALI16	Lithuania	Europe	Lithuania:Curonian Lagoon	ALI
Anguilla_anguilla	PRJNA668259	SAMN16492849	ATU7	missing	ATU7	Tunisia	Africa	Tunisia:Oued Medjerda	ATU
Anguilla_anguilla	PRJNA668259	SAMN16492836	ATU59	missing	ATU59	Tunisia	Africa	Tunisia:Oued Medjerda	ATU
Anguilla_anguilla	PRJNA668259	SAMN16492818	ATU42	missing	ATU42	Tunisia	Africa	Tunisia:Oued Medjerda	ATU
Anguilla_anguilla	PRJNA668259	SAMN16492811	ATU36	missing	ATU36	Tunisia	Africa	Tunisia:Oued Medjerda	ATU
Anguilla_anguilla	PRJNA668259	SAMN16492810	ATU35	missing	ATU35	Tunisia	Africa	Tunisia:Oued Medjerda	ATU
Anguilla_anguilla	PRJNA668259	SAMN16492798	ATU23	missing	ATU23	Tunisia	Africa	Tunisia:Oued Medjerda	ATU
Anguilla_anguilla	PRJNA668259	SAMN16492780	AST5	missing	AST5	Sweden	Europe	Sweden:Stromsan	AST
Anguilla_anguilla	PRJNA668259	SAMN16492583	ALI14	missing	ALI14	Lithuania	Europe	Lithuania:Curonian Lagoon	ALI
Anguilla_anguilla	PRJNA668259	SAMN16492766	AST20	missing	AST20	Sweden	Europe	Sweden:Stromsan	AST
Anguilla_anguilla	PRJNA668259	SAMN16492776	AST2	missing	AST2	Sweden	Europe	Sweden:Stromsan	AST
Anguilla_anguilla	PRJNA668259	SAMN16492763	AST18	missing	AST18	Sweden	Europe	Sweden:Stromsan	AST
Anguilla_anguilla	PRJNA668259	SAMN16492758	AST13	missing	AST13	Sweden	Europe	Sweden:Stromsan	AST
Anguilla_anguilla	PRJNA668259	SAMN16492736	ASRI20	missing	ASRI20	Sweden	Europe	Sweden:Ringhals	ASRI
Anguilla_anguilla	PRJNA668259	SAMN16492732	ASRI17	missing	ASRI17	Sweden	Europe	Sweden:Ringhals	ASRI
Anguilla_anguilla	PRJNA668259	SAMN16492735	ASRI1	missing	ASRI1	Sweden	Europe	Sweden:Ringhals	ASRI
Anguilla_anguilla	PRJNA668259	SAMN16492721	APM6	missing	APM6	Portugal	Europe	Portugal:Mira river	APM
Anguilla_anguilla	PRJNA668259	SAMN16492715	APM47	missing	APM47	Portugal	Europe	Portugal:Mira river	APM
Anguilla_anguilla	PRJNA668259	SAMN16492714	APM46	missing	APM46	Portugal	Europe	Portugal:Mira river	APM
Anguilla_anguilla	PRJNA668259	SAMN16492550	AI122	missing	AI122	Ireland	Europe	Ireland:River Erne	AI
Anguilla_anguilla	PRJNA668259	SAMN16492711	APM43	missing	APM43	Portugal	Europe	Portugal:Mira river	APM
Anguilla_anguilla	PRJNA668259	SAMN16492718	APM4	missing	APM4	Portugal	Europe	Portugal:Mira river	APM
Anguilla_anguilla	PRJNA668259	SAMN16492697	APM30	missing	APM30	Portugal	Europe	Portugal:Mira river	APM
Anguilla_anguilla	PRJNA668259	SAMN16492696	APM29	missing	APM29	Portugal	Europe	Portugal:Mira river	APM
Anguilla_anguilla	PRJNA668259	SAMN16492596	ALI27	missing	ALI27	Lithuania	Europe	Lithuania:Curonian Lagoon	ALI
Anguilla_anguilla	PRJNA668259	SAMN16492431	AAF35	missing	AAF35	France	Europe	France:Arzal	AAF
Anguilla_anguilla	PRJNA668259	SAMN16492412	AAF16	missing	AAF16	France	Europe	France:Arzal	AAF
Anguilla_anguilla	PRJNA668259	SAMN16492603	ALI34	missing	ALI34	Lithuania	Europe	Lithuania:Curonian Lagoon	ALI
Anguilla_anguilla	PRJNA668259	SAMN16492599	ALI30	missing	ALI30	Lithuania	Europe	Lithuania:Curonian Lagoon	ALI
Anguilla_anguilla	PRJNA668259	SAMN16492594	ALI25	missing	ALI25	Lithuania	Europe	Lithuania:Curonian Lagoon	ALI
Anguilla_anguilla	PRJNA668259	SAMN16492590	ALI21	missing	ALI21	Lithuania	Europe	Lithuania:Curonian Lagoon	ALI
Anguilla_anguilla	PRJNA668259	SAMN16492570	AI142	missing	AI142	Ireland	Europe	Ireland:River Erne	AI
Anguilla_anguilla	PRJNA668259	SAMN16492562	AI134	missing	AI134	Ireland	Europe	Ireland:River Erne	AI
Anguilla_anguilla	PRJNA668259	SAMN16492556	AI128	missing	AI128	Ireland	Europe	Ireland:River Erne	AI
Anguilla_anguilla	PRJNA668259	SAMN16492555	AI127	missing	AI127	Ireland	Europe	Ireland:River Erne	AI
Anguilla_anguilla	PRJNA668259	SAMN16492679	APM12	missing	APM12	Portugal	Europe	Portugal:Mira river	APM
Anguilla_anguilla	PRJNA668259	SAMN16492546	AI118	missing	AI118	Ireland	Europe	Ireland:River Erne	AI
Anguilla_anguilla	PRJNA668259	SAMN16492542	AI114	missing	AI114	Ireland	Europe	Ireland:River Erne	AI
Anguilla_anguilla	PRJNA668259	SAMN16492536	AI108	missing	AI108	Ireland	Europe	Ireland:River Erne	AI
Anguilla_anguilla	PRJNA668259	SAMN16492526	AES5	missing	AES5	United Kingdom	Europe	United Kingdom: Severn river	AES
Anguilla_anguilla	PRJNA668259	SAMN16492664	AMAR44	missing	AMAR44	Morocco	Africa	Morocco:Oued Sebou	AMAR
Anguilla_anguilla	PRJNA668259	SAMN16492450	AAF6	missing	AAF6	France	Europe	France:Arzal	AAF
Anguilla_anguilla	PRJNA668259	SAMN16492448	AAF50	missing	AAF50	France	Europe	France:Arzal	AAF
Anguilla_anguilla	PRJNA668259	SAMN16492415	AAF19	missing	AAF19	France	Europe	France:Arzal	AAF
Anguilla_anguilla	PRJNA668259	SAMN16492408	AAF12	missing	AAF12	France	Europe	France:Arzal	AAF
Anguilla_anguilla	PRJNA668259	SAMN16492407	AAF11	missing	AAF11	France	Europe	France:Arzal	AAF
Anguilla_anguilla	PRJNA668259	SAMN16492896	SMS6	missing	SMS6	Sweden	Europe	Sweden:Motala strom	SMS
Anguilla_anguilla	PRJNA668259	SAMN16492895	SMS5	missing	SMS5	Sweden	Europe	Sweden:Motala strom	SMS
Anguilla_anguilla	PRJNA668259	SAMN16492662	AMAR42	missing	AMAR42	Morocco	Africa	Morocco:Oued Sebou	AMAR
Anguilla_anguilla	PRJNA668259	SAMN16492890	SMS47	missing	SMS47	Sweden	Europe	Sweden:Motala strom	SMS
Anguilla_anguilla	PRJNA668259	SAMN16492695	APM28	missing	APM28	Portugal	Europe	Portugal:Mira river	APM
Anguilla_anguilla	PRJNA668259	SAMN16492685	APM18	missing	APM18	Portugal	Europe	Portugal:Mira river	APM
Anguilla_anguilla	PRJNA668259	SAMN16492681	APM14	missing	APM14	Portugal	Europe	Portugal:Mira river	APM
Anguilla_anguilla	PRJNA668259	SAMN16492666	AMAR46	missing	AMAR46	Morocco	Africa	Morocco:Oued Sebou	AMAR
Anguilla_anguilla	PRJNA668259	SAMN16492663	AMAR43	missing	AMAR43	Morocco	Africa	Morocco:Oued Sebou	AMAR
Anguilla_anguilla	PRJNA668259	SAMN16492549	AI121	missing	AI121	Ireland	Europe	Ireland:River Erne	AI
Anguilla_anguilla	PRJNA668259	SAMN16492657	AMAR38	missing	AMAR38	Morocco	Africa	Morocco:Oued Sebou	AMAR
Anguilla_anguilla	PRJNA668259	SAMN16492624	ALI7	missing	ALI7	Lithuania	Europe	Lithuania:Curonian Lagoon	ALI
Anguilla_anguilla	PRJNA668259	SAMN16492619	ALI49	missing	ALI49	Lithuania	Europe	Lithuania:Curonian Lagoon	ALI
Anguilla_anguilla	PRJNA668259	SAMN16492616	ALI46	missing	ALI46	Lithuania	Europe	Lithuania:Curonian Lagoon	ALI
Anguilla_anguilla	PRJNA668259	SAMN16492611	ALI41	missing	ALI41	Lithuania	Europe	Lithuania:Curonian Lagoon	ALI
Anguilla_anguilla	PRJNA668259	SAMN16492600	ALI31	missing	ALI31	Lithuania	Europe	Lithuania:Curonian Lagoon	ALI
Anguilla_anguilla	PRJNA668259	SAMN16492577	AI149	missing	AI149	Ireland	Europe	Ireland:River Erne	AI
Anguilla_anguilla	PRJNA668259	SAMN16492548	AI120	missing	AI120	Ireland	Europe	Ireland:River Erne	AI
Anguilla_anguilla	PRJNA668259	SAMN16492567	AI139	missing	AI139	Ireland	Europe	Ireland:River Erne	AI
Anguilla_anguilla	PRJNA668259	SAMN16492559	AI131	missing	AI131	Ireland	Europe	Ireland:River Erne	AI
Anguilla_anguilla	PRJNA668259	SAMN16492551	AI123	missing	AI123	Ireland	Europe	Ireland:River Erne	AI
Anguilla_anguilla	PRJNA668259	SAMN16492547	AI119	missing	AI119	Ireland	Europe	Ireland:River Erne	AI
Anguilla_anguilla	PRJNA668259	SAMN16492540	AI112	missing	AI112	Ireland	Europe	Ireland:River Erne	AI
Anguilla_anguilla	PRJNA668259	SAMN16492539	AI111	missing	AI111	Ireland	Europe	Ireland:River Erne	AI
Anguilla_anguilla	PRJNA668259	SAMN16492531	AI103	missing	AI103	Ireland	Europe	Ireland:River Erne	AI
Anguilla_anguilla	PRJNA668259	SAMN16492525	AES4	missing	AES4	United Kingdom	Europe	United Kingdom: Severn river	AES
Anguilla_anguilla	PRJNA668259	SAMN16492522	AES29	missing	AES29	United Kingdom	Europe	United Kingdom: Severn river	AES
Anguilla_anguilla	PRJNA668259	SAMN16492517	AES24	missing	AES24	United Kingdom	Europe	United Kingdom: Severn river	AES
Anguilla_anguilla	PRJNA668259	SAMN16492544	AI116	missing	AI116	Ireland	Europe	Ireland:River Erne	AI
Anguilla_anguilla	PRJNA668259	SAMN16492515	AES22	missing	AES22	United Kingdom	Europe	United Kingdom: Severn river	AES
Anguilla_anguilla	PRJNA668259	SAMN16492423	AAF27	missing	AAF27	France	Europe	France:Arzal	AAF
Anguilla_anguilla	PRJNA668259	SAMN16492419	AAF23	missing	AAF23	France	Europe	France:Arzal	AAF
Anguilla_anguilla	PRJNA668259	SAMN16492406	AAF10	missing	AAF10	France	Europe	France:Arzal	AAF
Anguilla_anguilla	PRJNA668259	SAMN16492755	AST10	missing	AST10	Sweden	Europe	Sweden:Stromsan	AST
Anguilla_anguilla	PRJNA668259	SAMN16492612	ALI42	missing	ALI42	Lithuania	Europe	Lithuania:Curonian Lagoon	ALI
Anguilla_anguilla	PRJNA668259	SAMN16492520	AES27	missing	AES27	United Kingdom	Europe	United Kingdom: Severn river	AES
Anguilla_anguilla	PRJNA668259	SAMN16492586	ALI17	missing	ALI17	Lithuania	Europe	Lithuania:Curonian Lagoon	ALI
Anguilla_anguilla	PRJNA668259	SAMN16492420	AAF24	missing	AAF24	France	Europe	France:Arzal	AAF
Anguilla_anguilla	PRJNA668259	SAMN16492706	APM39	missing	APM39	Portugal	Europe	Portugal:Mira river	APM
Anguilla_anguilla	PRJNA668259	SAMN16492503	AES10	missing	AES10	United Kingdom	Europe	United Kingdom: Severn river	AES
Anguilla_anguilla	PRJNA668259	SAMN16492762	AST17	missing	AST17	Sweden	Europe	Sweden:Stromsan	AST
Anguilla_anguilla	PRJNA668259	SAMN16492508	AES15	missing	AES15	United Kingdom	Europe	United Kingdom: Severn river	AES
Anguilla_anguilla	PRJNA668259	SAMN16492842	ATU64	missing	ATU64	Tunisia	Africa	Tunisia:Oued Medjerda	ATU
Anguilla_anguilla	PRJNA668259	SAMN16492788	ATU13	missing	ATU13	Tunisia	Africa	Tunisia:Oued Medjerda	ATU
Anguilla_anguilla	PRJNA668259	SAMN16492523	AES30	missing	AES30	United Kingdom	Europe	United Kingdom: Severn river	AES
Anguilla_anguilla	PRJNA668259	SAMN16492861	SMS19	missing	SMS19	Sweden	Europe	Sweden:Motala strom	SMS
Anguilla_anguilla	PRJNA668259	SAMN16492792	ATU17	missing	ATU17	Tunisia	Africa	Tunisia:Oued Medjerda	ATU
Anguilla_anguilla	PRJNA668259	SAMN16492749	ASRI4	missing	ASRI4	Sweden	Europe	Sweden:Ringhals	ASRI
Anguilla_anguilla	PRJNA668259	SAMN16492576	AI148	missing	AI148	Ireland	Europe	Ireland:River Erne	AI
Anguilla_anguilla	PRJNA668259	SAMN16492851	ATU9	missing	ATU9	Tunisia	Africa	Tunisia:Oued Medjerda	ATU
Anguilla_anguilla	PRJNA668259	SAMN16492824	ATU48	missing	ATU48	Tunisia	Africa	Tunisia:Oued Medjerda	ATU
Anguilla_anguilla	PRJNA668259	SAMN16492591	ALI22	missing	ALI22	Lithuania	Europe	Lithuania:Curonian Lagoon	ALI
Anguilla_anguilla	PRJNA668259	SAMN16492846	ATU68	missing	ATU68	Tunisia	Africa	Tunisia:Oued Medjerda	ATU
Anguilla_anguilla	PRJNA668259	SAMN16492514	AES21	missing	AES21	United Kingdom	Europe	United Kingdom: Severn river	AES
Anguilla_anguilla	PRJNA668259	SAMN16492604	ALI35	missing	ALI35	Lithuania	Europe	Lithuania:Curonian Lagoon	ALI
Anguilla_anguilla	PRJNA668259	SAMN16492730	ASRI15	missing	ASRI15	Sweden	Europe	Sweden:Ringhals	ASRI
Anguilla_anguilla	PRJNA668259	SAMN16492897	SMS7	missing	SMS7	Sweden	Europe	Sweden:Motala strom	SMS
Anguilla_anguilla	PRJNA668259	SAMN16492888	SMS45	missing	SMS45	Sweden	Europe	Sweden:Motala strom	SMS
Anguilla_anguilla	PRJNA668259	SAMN16492783	AST8	missing	AST8	Sweden	Europe	Sweden:Stromsan	AST
Anguilla_anguilla	PRJNA668259	SAMN16492430	AAF34	missing	AAF34	France	Europe	France:Arzal	AAF
Anguilla_anguilla	PRJNA668259	SAMN16492427	AAF31	missing	AAF31	France	Europe	France:Arzal	AAF
Anguilla_anguilla	PRJNA668259	SAMN16492770	AST24	missing	AST24	Sweden	Europe	Sweden:Stromsan	AST
Anguilla_anguilla	PRJNA668259	SAMN16492683	APM16	missing	APM16	Portugal	Europe	Portugal:Mira river	APM
Anguilla_anguilla	PRJNA668259	SAMN16492645	AMAR27	missing	AMAR27	Morocco	Africa	Morocco:Oued Sebou	AMAR
Anguilla_anguilla	PRJNA668259	SAMN16492518	AES25	missing	AES25	United Kingdom	Europe	United Kingdom: Severn river	AES
Anguilla_anguilla	PRJNA668259	SAMN16492745	ASRI29	missing	ASRI29	Sweden	Europe	Sweden:Ringhals	ASRI
Anguilla_anguilla	PRJNA668259	SAMN16492446	AAF49	missing	AAF49	France	Europe	France:Arzal	AAF
Anguilla_anguilla	PRJNA668259	SAMN16492853	SMS11	missing	SMS11	Sweden	Europe	Sweden:Motala strom	SMS
Anguilla_anguilla	PRJNA668259	SAMN16492840	ATU62	missing	ATU62	Tunisia	Africa	Tunisia:Oued Medjerda	ATU
Anguilla_anguilla	PRJNA668259	SAMN16492554	AI126	missing	AI126	Ireland	Europe	Ireland:River Erne	AI
Anguilla_anguilla	PRJNA668259	SAMN16492691	APM24	missing	APM24	Portugal	Europe	Portugal:Mira river	APM
Anguilla_anguilla	PRJNA668259	SAMN16492847	ATU69	missing	ATU69	Tunisia	Africa	Tunisia:Oued Medjerda	ATU
Anguilla_anguilla	PRJNA668259	SAMN16492647	AMAR29	missing	AMAR29	Morocco	Africa	Morocco:Oued Sebou	AMAR
Anguilla_anguilla	PRJNA668259	SAMN16492768	AST22	missing	AST22	Sweden	Europe	Sweden:Stromsan	AST
Anguilla_anguilla	PRJNA668259	SAMN16492703	APM36	missing	APM36	Portugal	Europe	Portugal:Mira river	APM
Anguilla_anguilla	PRJNA668259	SAMN16492802	ATU27	missing	ATU27	Tunisia	Africa	Tunisia:Oued Medjerda	ATU
Anguilla_anguilla	PRJNA668259	SAMN16492625	ALI8	missing	ALI8	Lithuania	Europe	Lithuania:Curonian Lagoon	ALI
Anguilla_anguilla	PRJNA668259	SAMN16492731	ASRI16	missing	ASRI16	Sweden	Europe	Sweden:Ringhals	ASRI
Anguilla_anguilla	PRJNA668259	SAMN16492665	AMAR45	missing	AMAR45	Morocco	Africa	Morocco:Oued Sebou	AMAR
Anguilla_anguilla	PRJNA668259	SAMN16492506	AES13	missing	AES13	United Kingdom	Europe	United Kingdom: Severn river	AES
Anguilla_anguilla	PRJNA668259	SAMN16492433	AAF37	missing	AAF37	France	Europe	France:Arzal	AAF
